Date,Site,Chamber,Air Temp,T1,T2,T_ave,WT depth (tube),Surface to tube height,Actual_WT,H1,H2,H3,H4,Height average,Extension,Havg_cm,Chamber V,Licor on,Licor off,H2 Time,CH4 processed,H2 processed,Merge,Notes,Data Merge,,,,,,,,,,,,,,,,,,,,,,,,,,,,,,,,,,,,,,,,,,,,,,,,,,,,,,,,,,,,,,,,,,,,,,,,,,,
30/07/2025,AC,1,,/,/,NA,72.5,47,25.5,34.6,32.5,34.4,40,35.375,,,0.04012,11:49:00,11:59:00,/,,,,CH4 processed,,,,,,,,,,,,,,,,,,,,,,,,,,,,,,,,,,,,,,,,,,,,,,,,,,,,,,,,,,,,,,,,,,,,,,,,,,,,
30/07/2025,AC,2,,/,/,NA,82.5,58.2,24.3,38.5,36.9,37,37.5,37.475,,,0.04250,12:01:00,12:11:00,/,Y,,,,,,,,,,,,,,,,,,,,,,,,,,,,,,,,,,,,,,,,,,,,,,,,,,,,,,,,,,,,,,,,,,,,,,,,,,,,,,,
30/07/2025,AC,3,,/,/,NA,82.9,62.4,20.5,36,41.8,40.3,40.8,39.725,,,0.04505,12:13:00,12:23:00,/,,,,No H2,,,,,,,,,,,,,,,,,,,,,,,,,,,,,,,,,,,,,,,,,,,,,,,,,,,,,,,,,,,,,,,,,,,,,,,,,,,,
30/07/2025,AC,4,,/,/,NA,89,60.5,28.5,38.3,36,34.5,37.2,36.5,,,0.04140,12:26:00,12:36:00,/,,,,,,,,,,,,,,,,,,,,,,,,,,,,,,,,,,,,,,,,,,,,,,,,,,,,,,,,,,,,,,,,,,,,,,,,,,,,,,,,
30/07/2025,AC,5,,/,/,NA,80,51.6,28.4,40,35.4,36.5,38.9,37.7,,,0.04276,12:39:00,12:49:00,/,,,,,,,,,,,,,,,,,,,,,,,,,,,,,,,,,,,,,,,,,,,,,,,,,,,,,,,,,,,,,,,,,,,,,,,,,,,,,,,,
30/07/2025,AC,6,,/,/,NA,61.4,47,14.4,40.3,35.6,41,41.3,39.55,,,0.04485,14:27:00,14:37:00,/,,,,,,,,,,,,,,,,,,,,,,,,,,,,,,,,,,,,,,,,,,,,,,,,,,,,,,,,,,,,,,,,,,,,,,,,,,,,,,,,
30/07/2025,AC,7,,/,/,NA,82.3,65,17.3,40.2,37,39.9,40.1,39.3,,,0.04457,14:16:00,14:26:00,/,,,,,,,,,,,,,,,,,,,,,,,,,,,,,,,,,,,,,,,,,,,,,,,,,,,,,,,,,,,,,,,,,,,,,,,,,,,,,,,,
30/07/2025,AC,8,,/,/,NA,90.3,61,29.3,37.5,39.3,41.5,38.4,39.175,,,0.04443,13:53:00,14:03:00,/,,,,,,,,,,,,,,,,,,,,,,,,,,,,,,,,,,,,,,,,,,,,,,,,,,,,,,,,,,,,,,,,,,,,,,,,,,,,,,,,
30/07/2025,AC,9,,/,/,NA,78,59,19,40.5,31.4,37.5,40.1,37.375,,,0.04239,13:40:00,13:51:00,/,,,,,,,,,,,,,,,,,,,,,,,,,,,,,,,,,,,,,,,,,,,,,,,,,,,,,,,,,,,,,,,,,,,,,,,,,,,,,,,,
30/07/2025,AC,10,,/,/,NA,50.8,37,13.8,34.5,36,37,36.1,35.9,,,0.04071,14:38:00,14:48:00,/,,,,,,,,,,,,,,,,,,,,,,,,,,,,,,,,,,,,,,,,,,,,,,,,,,,,,,,,,,,,,,,,,,,,,,,,,,,,,,,,
13/08/2025,AC,1,,13.1,12.8,12.95,81.3,45.5,35.8,34.6,32.5,34.4,40,35.375,,,0.04012,13:11:00,13:21:00,10:32:00,,,,,,,,,,,,,,,,,,,,,,,,,,,,,,,,,,,,,,,,,,,,,,,,,,,,,,,,,,,,,,,,,,,,,,,,,,,,,,,,
13/08/2025,AC,2,,14.1,13.8,13.95,82.7,58.5,24.2,38.5,36.9,37,37.5,37.475,,,0.04250,10:30:00,10:41:00,10:45:00,Y,,,CH4 processed,,,,,,,,,,,,,,,,,,,,,,,,,,,,,,,,,,,,,,,,,,,,,,,,,,,,,,,,,,,,,,,,,,,,,,,,,,,,
13/08/2025,AC,3,,13.4,13.5,13.45,83.2,61.5,21.7,36,41.8,40.3,40.8,39.725,,,0.04505,10:43:00,10:54:00,10:57:00,,,,,,,,,,,,,,,,,,,,,,,,,,,,,,,,,,,,,,,,,,,,,,,,,,,,,,,,,,,,,,,,,,,,,,,,,,,,,,,,
13/08/2025,AC,4,,13.6,14.8,14.2,89.7,60.5,29.2,38.3,36,34.5,37.2,36.5,,,0.04140,10:56:00,11:06:00,11:09:00,,,,No H2,,,,,,,,,,,,,,,,,,,,,,,,,,,,,,,,,,,,,,,,,,,,,,,,,,,,,,,,,,,,,,,,,,,,,,,,,,,,
13/08/2025,AC,5,,14.1,14.4,14.25,86.6,53,33.6,40,35.4,36.5,38.9,37.7,,,0.04276,11:07:00,11:18:00,11:13:00,,,,,,,,,,,,,,,,,,,,,,,,,,,,,,,,,,,,,,,,,,,,,,,,,,,,,,,,,,,,,,,,,,,,,,,,,,,,,,,,
13/08/2025,AC,6,,14.2,13.7,13.95,69.6,38.5,31.1,40.3,35.6,41,41.3,39.55,,,0.04485,11:20:00,11:32:00,12:20:00,,,,,,,,,,,,,,,,,,,,,,,,,,,,,,,,,,,,,,,,,,,,,,,,,,,,,,,,,,,,,,,,,,,,,,,,,,,,,,,,
13/08/2025,AC,7,,13.3,13.5,13.4,85,60.5,24.5,40.2,37,39.9,40.1,39.3,,,0.04457,12:15:00,12:28:00,12:30:00,,,,,,,,,,,,,,,,,,,,,,,,,,,,,,,,,,,,,,,,,,,,,,,,,,,,,,,,,,,,,,,,,,,,,,,,,,,,,,,,
13/08/2025,AC,8,,14.1,13.7,13.9,100,62.5,37.5,37.5,39.3,41.5,38.4,39.175,,,0.04443,12:30:00,12:41:00,12:43:00,,,,,,,,,,,,,,,,,,,,,,,,,,,,,,,,,,,,,,,,,,,,,,,,,,,,,,,,,,,,,,,,,,,,,,,,,,,,,,,,
13/08/2025,AC,9,,14,14.6,14.3,84,64,20,40.5,31.4,37.5,40.1,37.375,,,0.04239,12:42:00,12:53:00,12:58:00,,,,,,,,,,,,,,,,,,,,,,,,,,,,,,,,,,,,,,,,,,,,,,,,,,,,,,,,,,,,,,,,,,,,,,,,,,,,,,,,
13/08/2025,AC,10,,14.6,14.9,14.75,68,37,31,34.5,36,37,36.1,35.9,,,0.04071,12:55:00,13:06:00,13:12:00,,,,,,,,,,,,,,,,,,,,,,,,,,,,,,,,,,,,,,,,,,,,,,,,,,,,,,,,,,,,,,,,,,,,,,,,,,,,,,,,
20/08/2025,AC,1,,12.4,12.4,12.4,82.3,45.5,36.8,34.6,32.5,34.4,40,35.375,,,0.04012,11:39:00,11:50:00,09:41:00,,,,Next week must repair chamber 3 and remeasure - fixed,,,,,,,,,,,,,,,,,,,,,,,,,,,,,,,,,,,,,,,,,,,,,,,,,,,,,,,,,,,,,,,,,,,,,,,,,,,,
20/08/2025,AC,2,,12.5,12.6,12.55,82.5,58.5,24,38.5,36.9,37,37.5,37.475,,,0.04250,09:37:00,09:49:00,09:55:00,Y,,,Ask nick about air pressure at 101,,,,,,,,,,,,,,,,,,,,,,,,,,,,,,,,,,,,,,,,,,,,,,,,,,,,,,,,,,,,,,,,,,,,,,,,,,,,
20/08/2025,AC,3,,12.9,13,12.95,85.4,61.5,23.9,36,41.8,40.3,40.8,39.725,,,0.04505,09:51:00,10:02:00,10:07:00,,,,"Code not writing outpaths for flux calculations, only writing old data - fixed",,,,,,,,,,,,,,,,,,,,,,,,,,,,,,,,,,,,,,,,,,,,,,,,,,,,,,,,,,,,,,,,,,,,,,,,,,,,
20/08/2025,AC,4,,12.7,13.2,12.95,90,60.5,29.5,38.3,36,34.5,37.2,36.5,,,0.04140,10:04:00,10:15:00,10:18:00,,,,"Cloudy day - quite chilly, has been raining the past few days",,,,,,,,,,,,,,,,,,,,,,,,,,,,,,,,,,,,,,,,,,,,,,,,,,,,,,,,,,,,,,,,,,,,,,,,,,,,
20/08/2025,AC,5,,13.4,13.6,13.5,87.2,53,34.2,40,35.4,36.5,38.9,37.7,,,0.04276,10:17:00,10:27:00,10:31:00,,,,Need to take heights again including extension length,,,,,,,,,,,,,,,,,,,,,,,,,,,,,,,,,,,,,,,,,,,,,,,,,,,,,,,,,,,,,,,,,,,,,,,,,,,,
20/08/2025,AC,6,,13,12.9,12.95,74,38.5,35.5,40.3,35.6,41,41.3,39.55,,,0.04485,10:28:00,10:39:00,10:48:00,,,,,,,,,,,,,,,,,,,,,,,,,,,,,,,,,,,,,,,,,,,,,,,,,,,,,,,,,,,,,,,,,,,,,,,,,,,,,,,,
20/08/2025,AC,7,,12.6,12.4,12.5,85,60.5,24.5,40.2,37,39.9,40.1,39.3,,,0.04457,10:43:00,10:57:00,11:02:00,,,,,,,,,,,,,,,,,,,,,,,,,,,,,,,,,,,,,,,,,,,,,,,,,,,,,,,,,,,,,,,,,,,,,,,,,,,,,,,,
20/08/2025,AC,8,,12.1,12.7,12.4,94,62.5,31.5,37.5,39.3,41.5,38.4,39.175,,,0.04443,10:59:00,11:10:00,11:14:00,,,,,,,,,,,,,,,,,,,,,,,,,,,,,,,,,,,,,,,,,,,,,,,,,,,,,,,,,,,,,,,,,,,,,,,,,,,,,,,,
20/08/2025,AC,9,,12.4,13,12.7,84,64,20,40.5,31.4,37.5,40.1,37.375,,,0.04239,11:11:00,11:23:00,11:28:00,,,,,,,,,,,,,,,,,,,,,,,,,,,,,,,,,,,,,,,,,,,,,,,,,,,,,,,,,,,,,,,,,,,,,,,,,,,,,,,,
20/08/2025,AC,10,,12.7,13.1,12.9,77.5,37,40.5,34.5,36,37,36.1,35.9,,,0.04071,11:26:00,11:37:00,11:42:00,,,,,,,,,,,,,,,,,,,,,,,,,,,,,,,,,,,,,,,,,,,,,,,,,,,,,,,,,,,,,,,,,,,,,,,,,,,,,,,,
27/08/2025,AC,1,,12.8,12.3,12.55,82,47,35,13.1,12.5,11.2,14,12.7,21.5,34.2,0.03879,13:08:00,13:19:00,11:01:00,,,,Chamber 3 repaired,,,,,,,,,,,,,,,,,,,,,,,,,,,,,,,,,,,,,,,,,,,,,,,,,,,,,,,,,,,,,,,,,,,,,,,,,,,,
27/08/2025,AC,2,,12.6,12.5,12.55,82,59,23,16,17,16.5,17.2,16.675,21.5,38.175,0.04329,10:52:00,11:04:00,11:17:00,Y,,,First successful H2 run,,,,,,,,,,,,,,,,,,,,,,,,,,,,,,,,,,,,,,,,,,,,,,,,,,,,,,,,,,,,,,,,,,,,,,,,,,,,
27/08/2025,AC,3,,/,/,NA,84,63,21,19.5,19.5,20,19,19.5,21.5,41,0.04650,/,/,/,,,,CH4 also taken,,,,,,,,,,,,,,,,,,,,,,,,,,,,,,,,,,,,,,,,,,,,,,,,,,,,,,,,,,,,,,,,,,,,,,,,,,,,
27/08/2025,AC,4,,13.6,14.1,13.85,89,60.8,28.2,15,17,17.5,14,15.875,21.5,37.375,0.04239,11:12:00,11:27:00,11:33:00,,,,Dipwells and chamber height remeasured  ,,,,,,,,,,,,,,,,,,,,,,,,,,,,,,,,,,,,,,,,,,,,,,,,,,,,,,,,,,,,,,,,,,,,,,,,,,,,
27/08/2025,AC,5,,13.4,13.5,13.45,87.5,52.7,34.8,19,15.5,14,16,16.125,21.5,37.625,0.04267,11:28:00,11:43:00,11:50:00,,,,Soil_h' in CH4 chamber_time files appear to be purposeless (nick),,,,,,,,,,,,,,,,,,,,,,,,,,,,,,,,,,,,,,,,,,,,,,,,,,,,,,,,,,,,,,,,,,,,,,,,,,,,
27/08/2025,AC,6,,13,13.1,13.05,74.4,51,23.4,16,16,15.8,13,15.2,21.5,36.7,0.04162,11:45:00,12:02:00,12:09:00,,,,,,,,,,,,,,,,,,,,,,,,,,,,,,,,,,,,,,,,,,,,,,,,,,,,,,,,,,,,,,,,,,,,,,,,,,,,,,,,
27/08/2025,AC,7,,12.8,12.8,12.8,85,61,24,18.5,16.1,15.5,15.5,16.4,21.5,37.9,0.04298,12:03:00,12:18:00,12:22:00,,,,,,,,,,,,,,,,,,,,,,,,,,,,,,,,,,,,,,,,,,,,,,,,,,,,,,,,,,,,,,,,,,,,,,,,,,,,,,,,
27/08/2025,AC,8,,14,12.7,13.35,93.5,55.3,38.2,20.5,18.6,19,20,19.525,21.5,41.025,0.04653,12:19:00,12:31:00,12:37:00,,,,,,,,,,,,,,,,,,,,,,,,,,,,,,,,,,,,,,,,,,,,,,,,,,,,,,,,,,,,,,,,,,,,,,,,,,,,,,,,
27/08/2025,AC,9,,15,13.3,14.15,83.5,64.5,19,19.5,18,19,19.8,19.075,21.5,40.575,0.04602,12:34:00,12:45:00,12:50:00,,,,,,,,,,,,,,,,,,,,,,,,,,,,,,,,,,,,,,,,,,,,,,,,,,,,,,,,,,,,,,,,,,,,,,,,,,,,,,,,
27/08/2025,AC,10,,14,13.1,13.55,77.5,39,38.5,19.5,14,18,19.5,17.75,21.5,39.25,0.04451,12:48:00,13:06:00,13:13:00,,,,,,,,,,,,,,,,,,,,,,,,,,,,,,,,,,,,,,,,,,,,,,,,,,,,,,,,,,,,,,,,,,,,,,,,,,,,,,,,
28/08/2025,WH,1,,13.6,13.4,13.5,37,25,12,11.5,12,10,13,11.625,21.5,33.125,0.03757,12:09:00,12:20:00,,,,,C 6 - messed up on sample O,,,,,,,,,,,,,,,,,,,,,,,,,,,,,,,,,,,,,,,,,,,,,,,,,,,,,,,,,,,,,,,,,,,,,,,,,,,,
28/08/2025,WH,2,,12.9,13.2,13.05,,,NA,11.5,8.4,6.1,4,7.5,21.5,29,0.03289,11:34:00,11:49:00,,Y,Y,Y,C 7 - tall heather in chamber. Check results and see whether to cut down ,,,,,,,,,,,,,,,,,,,,,,,,,,,,,,,,,,,,,,,,,,,,,,,,,,,,,,,,,,,,,,,,,,,,,,,,,,,,
28/08/2025,WH,3,,13.1,13,13.05,,,NA,14.4,7.2,13.5,7,10.525,21.5,32.025,0.03632,11:51:00,12:03:00,,,,,Chambers measured for the first time,,,,,,,,,,,,,,,,,,,,,,,,,,,,,,,,,,,,,,,,,,,,,,,,,,,,,,,,,,,,,,,,,,,,,,,,,,,,
28/08/2025,WH,4,,12.6,12.8,12.7,,,NA,10,9,14,18,12.75,21.5,34.25,0.03884,11:22:00,11:34:00,,,,,,,,,,,,,,,,,,,,,,,,,,,,,,,,,,,,,,,,,,,,,,,,,,,,,,,,,,,,,,,,,,,,,,,,,,,,,,,,,
28/08/2025,WH,5,,13.2,13.3,13.25,,,NA,10.5,14,12,18,13.625,21.5,35.125,0.03984,11:04:00,11:20:00,,,,,,,,,,,,,,,,,,,,,,,,,,,,,,,,,,,,,,,,,,,,,,,,,,,,,,,,,,,,,,,,,,,,,,,,,,,,,,,,,
28/08/2025,WH,6,,12.8,12.4,12.6,42.2,21.5,20.7,18,14.5,13,16.5,15.5,21.5,37,0.04196,12:41:00,12:52:00,,,,,CH4 processed,,,,,,,,,,,,,,,,,,,,,,,,,,,,,,,,,,,,,,,,,,,,,,,,,,,,,,,,,,,,,,,,,,,,,,,,,,,,
28/08/2025,WH,7,,13.5,12.5,13,48,23.5,24.5,10,8,16,13,11.75,21.5,33.25,0.03771,12:25:00,12:36:00,,,,,,,,,,,,,,,,,,,,,,,,,,,,,,,,,,,,,,,,,,,,,,,,,,,,,,,,,,,,,,,,,,,,,,,,,,,,,,,,,
28/08/2025,WH,8,,,,NA,,,NA,10,14.5,10,9,10.875,21.5,32.375,0.03672,,,,,,,,,,,,,,,,,,,,,,,,,,,,,,,,,,,,,,,,,,,,,,,,,,,,,,,,,,,,,,,,,,,,,,,,,,,,,,,,,,,
28/08/2025,WH,9,,,,NA,,,NA,16,17.8,18,13,16.2,21.5,37.7,0.04276,,,,,,,,,,,,,,,,,,,,,,,,,,,,,,,,,,,,,,,,,,,,,,,,,,,,,,,,,,,,,,,,,,,,,,,,,,,,,,,,,,,
28/08/2025,WH,10,,,,NA,,,NA,15.5,18.2,18,13,16.175,21.5,37.675,0.04273,,,,,,,,,,,,,,,,,,,,,,,,,,,,,,,,,,,,,,,,,,,,,,,,,,,,,,,,,,,,,,,,,,,,,,,,,,,,,,,,,,,
02/09/2025,WH,1,,13.3,13.2,13.25,,,NA,11.5,12,10,13,11.625,21.5,33.125,0.03757,13:23:00,13:34:00,,,,,Changing method to take samples on mins 1-4 and a t-0 as the uptake rate exceeds the detection limits of the GC,,,,,,,,,,,,,,,,,,,,,,,,,,,,,,,,,,,,,,,,,,,,,,,,,,,,,,,,,,,,,,,,,,,,,,,,,,,,
02/09/2025,WH,2,,14,13,13.5,,,NA,11.5,8.4,6.1,4,7.5,21.5,29,0.03289,13:46:00,13:57:00,,Y,Y,,Will need to change the timing data sheet in the H2 flux processing folder.,,,,,,,,,,,,,,,,,,,,,,,,,,,,,,,,,,,,,,,,,,,,,,,,,,,,,,,,,,,,,,,,,,,,,,,,,,,,
02/09/2025,WH,3,,12.8,13.2,13,38.8,25,13.8,14.4,7.2,13.5,7,10.525,21.5,32.025,0.03632,13:54:00,14:10:00,,,,,Cut heather in C 7,,,,,,,,,,,,,,,,,,,,,,,,,,,,,,,,,,,,,,,,,,,,,,,,,,,,,,,,,,,,,,,,,,,,,,,,,,,,
02/09/2025,WH,4,,13.1,13,13.05,,,NA,10,9,14,18,12.75,21.5,34.25,0.03884,14:16:00,14:27:00,,,,,Outlet on LICOR fell off after C3 - check for anomalies following C3,,,,,,,,,,,,,,,,,,,,,,,,,,,,,,,,,,,,,,,,,,,,,,,,,,,,,,,,,,,,,,,,,,,,,,,,,,,,
02/09/2025,WH,5,,13,13.4,13.2,,,NA,10.5,14,12,18,13.625,21.5,35.125,0.03984,14:28:00,14:38:00,,,,,Oulet pipe snapped at final chmaber (C8),,,,,,,,,,,,,,,,,,,,,,,,,,,,,,,,,,,,,,,,,,,,,,,,,,,,,,,,,,,,,,,,,,,,,,,,,,,,
02/09/2025,WH,6,,12.9,12.3,12.6,42.5,25,17.5,18,14.5,13,16.5,15.5,21.5,37,0.04196,14:39:00,14:49:00,,,,,,,,,,,,,,,,,,,,,,,,,,,,,,,,,,,,,,,,,,,,,,,,,,,,,,,,,,,,,,,,,,,,,,,,,,,,,,,,,
02/09/2025,WH,7,,12.7,12.3,12.5,,,NA,10,8,16,13,11.75,21.5,33.25,0.03771,14:51:00,15:01:00,,,,,CH4 processed,,,,,,,,,,,,,,,,,,,,,,,,,,,,,,,,,,,,,,,,,,,,,,,,,,,,,,,,,,,,,,,,,,,,,,,,,,,,
02/09/2025,WH,8,,13.8,12.9,13.35,,,NA,10,14.5,10,9,10.875,21.5,32.375,0.03672,15:26:00,15:36:00,,,,,,,,,,,,,,,,,,,,,,,,,,,,,,,,,,,,,,,,,,,,,,,,,,,,,,,,,,,,,,,,,,,,,,,,,,,,,,,,,
02/09/2025,WH,9,,12.3,12,12.15,49,22,27,16,17.8,18,13,16.2,21.5,37.7,0.04276,15:02:00,15:13:00,,,,,,,,,,,,,,,,,,,,,,,,,,,,,,,,,,,,,,,,,,,,,,,,,,,,,,,,,,,,,,,,,,,,,,,,,,,,,,,,,
02/09/2025,WH,10,,13,13,13,,,NA,15.5,18.2,18,13,16.175,21.5,37.675,0.04273,15:14:00,15:24:00,,,,,,,,,,,,,,,,,,,,,,,,,,,,,,,,,,,,,,,,,,,,,,,,,,,,,,,,,,,,,,,,,,,,,,,,,,,,,,,,,
04/09/2025,AC,1,14.6,13.2,12.3,12.75,82,47,35,13.1,12.5,11.2,14,12.7,21.5,34.2,0.03879,13:24:00,13:35:00,,,,,Heading out. Rained a lot yesterday. Today sunny with early autumn feel.,,,,,,,,,,,,,,,,,,,,,,,,,,,,,,,,,,,,,,,,,,,,,,,,,,,,,,,,,,,,,,,,,,,,,,,,,,,,
04/09/2025,AC,2,,13.8,12.1,12.95,82.9,59,23.9,16,17,16.5,17.2,16.675,21.5,38.175,0.04329,13:13:00,13:23:00,,Y,Y,Y,t-0 and mins 1-5 on the minute,,,,,,,,,,,,,,,,,,,,,,,,,,,,,,,,,,,,,,,,,,,,,,,,,,,,,,,,,,,,,,,,,,,,,,,,,,,,
04/09/2025,AC,3,,12.9,12.6,12.75,83,63,20,19.5,19.5,20,19,19.5,21.5,41,0.04650,13:01:00,13:11:00,,,,,Reinserted chambers 5 & 10 as they were loose. New chamber dimesions logged.,,,,,,,,,,,,,,,,,,,,,,,,,,,,,,,,,,,,,,,,,,,,,,,,,,,,,,,,,,,,,,,,,,,,,,,,,,,,
04/09/2025,AC,4,,13.4,12.8,13.1,87.4,60.8,26.6,15,17,17.5,14,15.875,21.5,37.375,0.04239,12:50:00,13:00:00,,,,,No fan on for chmber 1,,,,,,,,,,,,,,,,,,,,,,,,,,,,,,,,,,,,,,,,,,,,,,,,,,,,,,,,,,,,,,,,,,,,,,,,,,,,
04/09/2025,AC,5,,12.6,12.8,12.7,86.5,52.7,33.8,21,17,18.8,15.5,18.075,21.5,39.575,0.04488,12:38:00,12:48:00,,,,,Some H2 timing is off: C5 = 2:03. C7 = 1:02. C8 = 3:03,,,,,,,,,,,,,,,,,,,,,,,,,,,,,,,,,,,,,,,,,,,,,,,,,,,,,,,,,,,,,,,,,,,,,,,,,,,,
04/09/2025,AC,6,,12.5,13,12.75,74.5,51,23.5,16,16,15.8,13,15.2,21.5,36.7,0.04162,12:27:00,12:37:00,,,,,Changed sampling (timing) template to reflect t-0 and mins 1-5 on the minute,,,,,,,,,,,,,,,,,,,,,,,,,,,,,,,,,,,,,,,,,,,,,,,,,,,,,,,,,,,,,,,,,,,,,,,,,,,,
04/09/2025,AC,7,,12.6,12.7,12.65,81,61,20,18.5,16.1,15.5,15.5,16.4,21.5,37.9,0.04298,12:16:00,12:26:00,,,,,CH4 processed,,,,,,,,,,,,,,,,,,,,,,,,,,,,,,,,,,,,,,,,,,,,,,,,,,,,,,,,,,,,,,,,,,,,,,,,,,,,
04/09/2025,AC,8,,13.1,12.5,12.8,93,55.3,37.7,20.5,18.6,19,20,19.525,21.5,41.025,0.04653,12:04:00,12:14:00,,,,,CH4 deleted from folder. If needed again get off of the LICOR,,,,,,,,,,,,,,,,,,,,,,,,,,,,,,,,,,,,,,,,,,,,,,,,,,,,,,,,,,,,,,,,,,,,,,,,,,,,
04/09/2025,AC,9,,12.9,14.4,13.65,83.7,64.5,19.2,19.5,18,19,19.8,19.075,21.5,40.575,0.04602,11:53:00,12:03:00,,,,,,,,,,,,,,,,,,,,,,,,,,,,,,,,,,,,,,,,,,,,,,,,,,,,,,,,,,,,,,,,,,,,,,,,,,,,,,,,,
04/09/2025,AC,10,,13,12.5,12.75,71,39,32,17,18,17.3,17,17.325,21.5,38.825,0.04403,11:41:00,11:52:00,,,,,,,,,,,,,,,,,,,,,,,,,,,,,,,,,,,,,,,,,,,,,,,,,,,,,,,,,,,,,,,,,,,,,,,,,,,,,,,,,
10/09/2025,AC,1,16.2,11.7,11.5,11.6,82.2,47,35.2,13.1,12.5,11.2,14,12.7,21.5,34.2,0.03879,13:18:00,13:28:00,11:13,,,,Use same chamber for CH4 and H2 for x 2 chambers. Looking out for a change in CH4 measurements at every sample,,,,,,,,,,,,,,,,,,,,,,,,,,,,,,,,,,,,,,,,,,,,,,,,,,,,,,,,,,,,,,,,,,,,,,,,,,,,
10/09/2025,AC,2,,11.7,11.2,11.45,82.8,59,23.8,16,17,16.5,17.2,16.675,21.5,38.175,0.04329,11:10:00,11:20:00,11:25,Y,Y,Y,Windy day,,,,,,,,,,,,,,,,,,,,,,,,,,,,,,,,,,,,,,,,,,,,,,,,,,,,,,,,,,,,,,,,,,,,,,,,,,,,
10/09/2025,AC,3,,12,12,12,83.1,63,20.1,19.5,19.5,20,19,19.5,21.5,41,0.04650,11:21:00,11:31:00,11:34,,,,Used H2 lid for both H2 & CH4 on chamber 10 to test whether removal of air for hydrogen affects air pressure to a significant enough to,,,,,,,,,,,,,,,,,,,,,,,,,,,,,,,,,,,,,,,,,,,,,,,,,,,,,,,,,,,,,,,,,,,,,,,,,,,,
10/09/2025,AC,4,,12.8,12.2,12.5,87.8,60.8,27,15,17,17.5,14,15.875,21.5,37.375,0.04239,11:33:00,11:43:00,11:55,,,,,,,,,,,,,,,,,,,,,,,,,,,,,,,,,,,,,,,,,,,,,,,,,,,,,,,,,,,,,,,,,,,,,,,,,,,,,,,,
10/09/2025,AC,5,,12.4,12.1,12.25,87.8,52.7,35.1,21,17,18.8,15.5,18.075,21.5,39.575,0.04488,11:45:00,11:55:00,12:05,,,,CH4 processed,,,,,,,,,,,,,,,,,,,,,,,,,,,,,,,,,,,,,,,,,,,,,,,,,,,,,,,,,,,,,,,,,,,,,,,,,,,,
10/09/2025,AC,6,,12.5,12,12.25,74.3,51,23.3,16,16,15.8,13,15.2,21.5,36.7,0.04162,12:02:00,12:12:00,12:19,,,,,,,,,,,,,,,,,,,,,,,,,,,,,,,,,,,,,,,,,,,,,,,,,,,,,,,,,,,,,,,,,,,,,,,,,,,,,,,,
10/09/2025,AC,7,,12.6,12,12.3,80.5,61,19.5,18.5,16.1,15.5,15.5,16.4,21.5,37.9,0.04298,12:15:00,12:25:00,12:29,,,,,,,,,,,,,,,,,,,,,,,,,,,,,,,,,,,,,,,,,,,,,,,,,,,,,,,,,,,,,,,,,,,,,,,,,,,,,,,,
10/09/2025,AC,8,,12.6,12,12.3,100,55.3,44.7,20.5,18.6,19,20,19.525,21.5,41.025,0.04653,12:27:00,12:37:00,12:39,,,,,,,,,,,,,,,,,,,,,,,,,,,,,,,,,,,,,,,,,,,,,,,,,,,,,,,,,,,,,,,,,,,,,,,,,,,,,,,,
10/09/2025,AC,9,,12.4,11.9,12.15,83.5,64.5,19,19.5,18,19,19.8,19.075,21.5,40.575,0.04602,12:38:00,12:48:00,12:54,,,,,,,,,,,,,,,,,,,,,,,,,,,,,,,,,,,,,,,,,,,,,,,,,,,,,,,,,,,,,,,,,,,,,,,,,,,,,,,,
10/09/2025,AC,10,,12,11.7,11.85,68.5,39,29.5,17,18,17.3,17,17.325,21.5,38.825,0.04403,13:03:00,13:13:00,13:03,,,,,,,,,,,,,,,,,,,,,,,,,,,,,,,,,,,,,,,,,,,,,,,,,,,,,,,,,,,,,,,,,,,,,,,,,,,,,,,,
11/09/2025,WH,1,16.3,11.5,10.8,11.15,,,NA,11.5,12,10,13,11.625,21.5,33.125,0.03757,10:16,10:26,,,,,"No LICOR data for chambers 9/10, connector became loose. ",,,,,,,,,,,,,,,,,,,,,,,,,,,,,,,,,,,,,,,,,,,,,,,,,,,,,,,,,,,,,,,,,,,,,,,,,,,,
11/09/2025,WH,2,,11.4,11.4,11.4,,,NA,11.5,8.4,6.1,4,7.5,21.5,29,0.03289,10:27,10:37,,Y,Y,,Port broke on inlet of LICOR midway through so CH4 data may be inaccurate,,,,,,,,,,,,,,,,,,,,,,,,,,,,,,,,,,,,,,,,,,,,,,,,,,,,,,,,,,,,,,,,,,,,,,,,,,,,
11/09/2025,WH,3,,11.6,11.3,11.45,33,25,8,14.4,7.2,13.5,7,10.525,21.5,32.025,0.03632,10:38,10:48,,,,,Windy day,,,,,,,,,,,,,,,,,,,,,,,,,,,,,,,,,,,,,,,,,,,,,,,,,,,,,,,,,,,,,,,,,,,,,,,,,,,,
11/09/2025,WH,4,,10.4,11.3,10.85,,,NA,10,9,14,18,12.75,21.5,34.25,0.03884,10:58,11:08,,,,,,,,,,,,,,,,,,,,,,,,,,,,,,,,,,,,,,,,,,,,,,,,,,,,,,,,,,,,,,,,,,,,,,,,,,,,,,,,,
11/09/2025,WH,5,,11.7,11.4,11.55,,,NA,10.5,14,12,18,13.625,21.5,35.125,0.03984,11:21,11:31,,,,,,,,,,,,,,,,,,,,,,,,,,,,,,,,,,,,,,,,,,,,,,,,,,,,,,,,,,,,,,,,,,,,,,,,,,,,,,,,,
11/09/2025,WH,6,,11.2,10.7,10.95,45,21.8,23.2,18,14.5,13,16.5,15.5,21.5,37,0.04196,11:10,11:20,,,,,,,,,,,,,,,,,,,,,,,,,,,,,,,,,,,,,,,,,,,,,,,,,,,,,,,,,,,,,,,,,,,,,,,,,,,,,,,,,
11/09/2025,WH,7,,11.5,11.1,11.3,,,NA,10,8,16,13,11.75,21.5,33.25,0.03771,11:33,11:43,,,,,,,,,,,,,,,,,,,,,,,,,,,,,,,,,,,,,,,,,,,,,,,,,,,,,,,,,,,,,,,,,,,,,,,,,,,,,,,,,
11/09/2025,WH,8,,11.4,10.6,11,,,NA,10,14.5,10,9,10.875,21.5,32.375,0.03672,11:55,12:05,,,,,,,,,,,,,,,,,,,,,,,,,,,,,,,,,,,,,,,,,,,,,,,,,,,,,,,,,,,,,,,,,,,,,,,,,,,,,,,,,
11/09/2025,WH,9,,11.1,11.1,11.1,44,21.5,22.5,16,17.8,18,13,16.2,21.5,37.7,0.04276,\,\,,,,,,,,,,,,,,,,,,,,,,,,,,,,,,,,,,,,,,,,,,,,,,,,,,,,,,,,,,,,,,,,,,,,,,,,,,,,,,,,,
11/09/2025,WH,10,,11.3,11.9,11.6,,,NA,15.5,18.2,18,13,16.175,21.5,37.675,0.04273,\,\,,,,,,,,,,,,,,,,,,,,,,,,,,,,,,,,,,,,,,,,,,,,,,,,,,,,,,,,,,,,,,,,,,,,,,,,,,,,,,,,,
17/09/2025,AC,1,,10.9,10.7,10.8,66,47,19,10,12.5,11.5,9.5,10.875,21.5,32.375,0.03672,\,\,,,,,Chambers remeasured,,,,,,,,,,,,,,,,,,,,,,,,,,,,,,,,,,,,,,,,,,,,,,,,,,,,,,,,,,,,,,,,,,,,,,,,,,,,
17/09/2025,AC,2,,10.7,11.1,10.9,69,58.6,10.4,13.5,15.5,16,16,15.25,21.5,36.75,0.04168,\,\,,NA,Y,,No CH4,,,,,,,,,,,,,,,,,,,,,,,,,,,,,,,,,,,,,,,,,,,,,,,,,,,,,,,,,,,,,,,,,,,,,,,,,,,,
17/09/2025,AC,3,,\,\,NA,81.4,62.8,18.6,\,\,\,\,#DIV/0!,21.5,#DIV/0!,#DIV/0!,\,\,,,,,C3 broken - no data,,,,,,,,,,,,,,,,,,,,,,,,,,,,,,,,,,,,,,,,,,,,,,,,,,,,,,,,,,,,,,,,,,,,,,,,,,,,
17/09/2025,AC,4,,11.1,11.2,11.15,74.5,56,18.5,14,16.5,12,15,14.375,21.5,35.875,0.04069,\,\,,,,,,,,,,,,,,,,,,,,,,,,,,,,,,,,,,,,,,,,,,,,,,,,,,,,,,,,,,,,,,,,,,,,,,,,,,,,,,,,,
17/09/2025,AC,5,,11.5,11.2,11.35,70,52.5,17.5,16,12.5,11,15,13.625,21.5,35.125,0.03984,\,\,,,,,,,,,,,,,,,,,,,,,,,,,,,,,,,,,,,,,,,,,,,,,,,,,,,,,,,,,,,,,,,,,,,,,,,,,,,,,,,,,
17/09/2025,AC,6,,11.4,10.7,11.05,71.5,49,22.5,14,12.5,11,15,13.125,21.5,34.625,0.03927,\,\,,,,,,,,,,,,,,,,,,,,,,,,,,,,,,,,,,,,,,,,,,,,,,,,,,,,,,,,,,,,,,,,,,,,,,,,,,,,,,,,,
17/09/2025,AC,7,,11.1,11.3,11.2,69,59,10,11.5,20,10,16,14.375,21.5,35.875,0.04069,\,\,,,,,,,,,,,,,,,,,,,,,,,,,,,,,,,,,,,,,,,,,,,,,,,,,,,,,,,,,,,,,,,,,,,,,,,,,,,,,,,,,
17/09/2025,AC,8,,12,11.1,11.55,70.5,62.5,8,18.5,14,15,17,16.125,21.5,37.625,0.04267,\,\,,,,,,,,,,,,,,,,,,,,,,,,,,,,,,,,,,,,,,,,,,,,,,,,,,,,,,,,,,,,,,,,,,,,,,,,,,,,,,,,,
17/09/2025,AC,9,,11.3,11.5,11.4,81.2,60.2,21,12.2,18.5,17,13,15.175,21.5,36.675,0.04159,\,\,,,,,,,,,,,,,,,,,,,,,,,,,,,,,,,,,,,,,,,,,,,,,,,,,,,,,,,,,,,,,,,,,,,,,,,,,,,,,,,,,
17/09/2025,AC,10,,11.1,11,11.05,66,44,22,12,14,13,14,13.25,21.5,34.75,0.03941,\,\,,,,,,,,,,,,,,,,,,,,,,,,,,,,,,,,,,,,,,,,,,,,,,,,,,,,,,,,,,,,,,,,,,,,,,,,,,,,,,,,,
18/09/2025,WH,1,,10.8,10.6,10.7,,,NA,16,17.2,10.8,10,13.5,21.5,35,0.03969,12:07,12:17,10:57,,,,CH4 & H2 taken,,,,,,,,,,,,,,,,,,,,,,,,,,,,,,,,,,,,,,,,,,,,,,,,,,,,,,,,,,,,,,,,,,,,,,,,,,,,
18/09/2025,WH,2,,10.8,10.7,10.75,,,NA,11,11,9,10.3,10.325,21.5,31.825,0.03609,11:56,12:06,11:05,Y,Y,,WINDY!!!,,,,,,,,,,,,,,,,,,,,,,,,,,,,,,,,,,,,,,,,,,,,,,,,,,,,,,,,,,,,,,,,,,,,,,,,,,,,
18/09/2025,WH,3,,10.7,10.8,10.75,34,24,10,14,11,8.4,7.8,10.3,21.5,31.8,0.03606,11:45,11:55,11:14,,,,,,,,,,,,,,,,,,,,,,,,,,,,,,,,,,,,,,,,,,,,,,,,,,,,,,,,,,,,,,,,,,,,,,,,,,,,,,,,
18/09/2025,WH,4,,10.7,10.5,10.6,,,NA,14.3,9.7,17.9,17.2,14.775,21.5,36.275,0.04114,11:34,11:44,11:24,,,,,,,,,,,,,,,,,,,,,,,,,,,,,,,,,,,,,,,,,,,,,,,,,,,,,,,,,,,,,,,,,,,,,,,,,,,,,,,,
18/09/2025,WH,5,,10.8,10.9,10.85,,,NA,15,15.9,17.5,11.8,15.05,21.5,36.55,0.04145,11:22,11:32,11:34,,,,,,,,,,,,,,,,,,,,,,,,,,,,,,,,,,,,,,,,,,,,,,,,,,,,,,,,,,,,,,,,,,,,,,,,,,,,,,,,
18/09/2025,WH,6,,10.6,10.7,10.65,30.1,21,9.1,16.4,14,15.5,13.8,14.925,21.5,36.425,0.04131,11:11,11:21,11:43,,,,,,,,,,,,,,,,,,,,,,,,,,,,,,,,,,,,,,,,,,,,,,,,,,,,,,,,,,,,,,,,,,,,,,,,,,,,,,,,
18/09/2025,WH,7,,10.5,10.4,10.45,,,NA,14.3,12,11.9,9.6,11.95,21.5,33.45,0.03794,11:00,11:10,11:51,,,,,,,,,,,,,,,,,,,,,,,,,,,,,,,,,,,,,,,,,,,,,,,,,,,,,,,,,,,,,,,,,,,,,,,,,,,,,,,,
18/09/2025,WH,8,,10.9,10.8,10.85,,,NA,12.9,16.4,12.3,12.6,13.55,21.5,35.05,0.03975,10:49,10:59,12:00,,,,,,,,,,,,,,,,,,,,,,,,,,,,,,,,,,,,,,,,,,,,,,,,,,,,,,,,,,,,,,,,,,,,,,,,,,,,,,,,
18/09/2025,WH,9,,10.6,10.6,10.6,28.5,21,7.5,11.2,17.5,9.5,16.3,13.625,21.5,35.125,0.03984,10:38,10:48,12:08,,,,,,,,,,,,,,,,,,,,,,,,,,,,,,,,,,,,,,,,,,,,,,,,,,,,,,,,,,,,,,,,,,,,,,,,,,,,,,,,
18/09/2025,WH,10,,11.1,11.1,11.1,,,NA,14.4,14.5,16,13,14.475,21.5,35.975,0.04080,10:27,10:37,12:16,,,,,,,,,,,,,,,,,,,,,,,,,,,,,,,,,,,,,,,,,,,,,,,,,,,,,,,,,,,,,,,,,,,,,,,,,,,,,,,,
23/09/2025,AC,1,15.5,9.2,9.3,9.25,82,47,35,10,13.3,14.3,15.9,13.375,21.5,34.875,0.03955,11:32,11:42,11:37,Y,Y,,Ankle twisted,,,,,,,,,,,,,,,,,,,,,,,,,,,,,,,,,,,,,,,,,,,,,,,,,,,,,,,,,,,,,,,,,,,,,,,,,,,,
23/09/2025,AC,2,,9.8,9.1,9.45,82.8,58.6,24.2,15.5,17.2,16.6,16.2,16.375,21.5,37.875,0.04295,11:43,11:53,11:45,,,,,,,,,,,,,,,,,,,,,,,,,,,,,,,,,,,,,,,,,,,,,,,,,,,,,,,,,,,,,,,,,,,,,,,,,,,,,,,,
23/09/2025,AC,3,,9.3,9.5,9.4,85,62.8,22.2,18,19.4,13.5,19.8,17.675,21.5,39.175,0.04443,11:54,12:04,11:54,,,,,,,,,,,,,,,,,,,,,,,,,,,,,,,,,,,,,,,,,,,,,,,,,,,,,,,,,,,,,,,,,,,,,,,,,,,,,,,,
23/09/2025,AC,4,,9.8,9.6,9.7,87.4,56,31.4,15.1,16.4,11.5,11.9,13.725,21.5,35.225,0.03995,12:05,12:15,12:03,,,,,,,,,,,,,,,,,,,,,,,,,,,,,,,,,,,,,,,,,,,,,,,,,,,,,,,,,,,,,,,,,,,,,,,,,,,,,,,,
23/09/2025,AC,5,,9.3,9.7,9.5,87,52.5,34.5,15.4,12,16.1,15.1,14.65,21.5,36.15,0.04100,12:16,12:26,12:11,,,,,,,,,,,,,,,,,,,,,,,,,,,,,,,,,,,,,,,,,,,,,,,,,,,,,,,,,,,,,,,,,,,,,,,,,,,,,,,,
23/09/2025,AC,6,,9.4,9.4,9.4,70,49,21,11.9,8.4,15.4,12.9,12.15,21.5,33.65,0.03816,12:27,12:37,12:30,,,,,,,,,,,,,,,,,,,,,,,,,,,,,,,,,,,,,,,,,,,,,,,,,,,,,,,,,,,,,,,,,,,,,,,,,,,,,,,,
23/09/2025,AC,7,,9.6,9.6,9.6,73,59,14,13.3,19.8,16.5,9.8,14.85,21.5,36.35,0.04123,12:38,12:48,12:21,,,,,,,,,,,,,,,,,,,,,,,,,,,,,,,,,,,,,,,,,,,,,,,,,,,,,,,,,,,,,,,,,,,,,,,,,,,,,,,,
23/09/2025,AC,8,,9.2,9.7,9.45,93,62.5,30.5,17.9,17.8,19.4,16.5,17.9,21.5,39.4,0.04468,12:49,12:59,12:38,,,,,,,,,,,,,,,,,,,,,,,,,,,,,,,,,,,,,,,,,,,,,,,,,,,,,,,,,,,,,,,,,,,,,,,,,,,,,,,,
23/09/2025,AC,9,,9.6,9.5,9.55,83.5,60.2,23.3,19.1,16.4,19,18.4,18.225,21.5,39.725,0.04505,13:00,13:10,12:46,,,,,,,,,,,,,,,,,,,,,,,,,,,,,,,,,,,,,,,,,,,,,,,,,,,,,,,,,,,,,,,,,,,,,,,,,,,,,,,,
23/09/2025,AC,10,,9.7,9.2,9.45,68.8,44,24.8,15.9,14.1,15.8,11.8,14.4,21.5,35.9,0.04071,13:11,13:21,12:55,,,,,,,,,,,,,,,,,,,,,,,,,,,,,,,,,,,,,,,,,,,,,,,,,,,,,,,,,,,,,,,,,,,,,,,,,,,,,,,,
24/09/2025,WH,1,15.25,8.3,8.8,8.55,36,23.5,12.5,16,17.2,10.8,10,13.5,21.5,35,0.03969,11:48,12:01,,,,,,,,,,,,,,,,,,,,,,,,,,,,,,,,,,,,,,,,,,,,,,,,,,,,,,,,,,,,,,,,,,,,,,,,,,,,,,,,,
24/09/2025,WH,2,,7,8.3,7.65,35,20,15,11,11,9,10.3,10.325,21.5,31.825,0.03609,12:03,12:17,,Y,Y,,,,,,,,,,,,,,,,,,,,,,,,,,,,,,,,,,,,,,,,,,,,,,,,,,,,,,,,,,,,,,,,,,,,,,,,,,,,,,
24/09/2025,WH,3,,8,8.3,8.15,35.5,24,11.5,14,11,8.4,7.8,10.3,21.5,31.8,0.03606,12:18,12:30,,,,,,,,,,,,,,,,,,,,,,,,,,,,,,,,,,,,,,,,,,,,,,,,,,,,,,,,,,,,,,,,,,,,,,,,,,,,,,,,,
24/09/2025,WH,4,,8,8.4,8.2,40.5,24,16.5,14.3,9.7,17.9,17.2,14.775,21.5,36.275,0.04114,12:33,12:44,,,,,,,,,,,,,,,,,,,,,,,,,,,,,,,,,,,,,,,,,,,,,,,,,,,,,,,,,,,,,,,,,,,,,,,,,,,,,,,,,
24/09/2025,WH,5,,8.6,7.9,8.25,35,21,14,15,15.9,17.5,11.8,15.05,21.5,36.55,0.04145,12:46,13:00,,,,,,,,,,,,,,,,,,,,,,,,,,,,,,,,,,,,,,,,,,,,,,,,,,,,,,,,,,,,,,,,,,,,,,,,,,,,,,,,,
24/09/2025,WH,6,,8.4,8.6,8.5,34,21,13,16.4,14,15.5,13.8,14.925,21.5,36.425,0.04131,13:02,13:13,,,,,,,,,,,,,,,,,,,,,,,,,,,,,,,,,,,,,,,,,,,,,,,,,,,,,,,,,,,,,,,,,,,,,,,,,,,,,,,,,
24/09/2025,WH,7,,8.2,7.9,8.05,40,22,18,14.3,12,11.9,9.6,11.95,21.5,33.45,0.03794,13:15,13:27,,,,,,,,,,,,,,,,,,,,,,,,,,,,,,,,,,,,,,,,,,,,,,,,,,,,,,,,,,,,,,,,,,,,,,,,,,,,,,,,,
24/09/2025,WH,8,,8.4,8.2,8.3,,,NA,12.9,16.4,12.3,12.6,13.55,21.5,35.05,0.03975,13:28,13:41,,,,,,,,,,,,,,,,,,,,,,,,,,,,,,,,,,,,,,,,,,,,,,,,,,,,,,,,,,,,,,,,,,,,,,,,,,,,,,,,,
24/09/2025,WH,9,,8.2,7.8,8,32,20,12,11.2,17.5,9.5,16.3,13.625,21.5,35.125,0.03984,13:43,13:54,,,,,,,,,,,,,,,,,,,,,,,,,,,,,,,,,,,,,,,,,,,,,,,,,,,,,,,,,,,,,,,,,,,,,,,,,,,,,,,,,
24/09/2025,WH,10,,9.2,9,9.1,,,NA,14.4,14.5,16,13,14.475,21.5,35.975,0.04080,13:56,14:06,,,,,,,,,,,,,,,,,,,,,,,,,,,,,,,,,,,,,,,,,,,,,,,,,,,,,,,,,,,,,,,,,,,,,,,,,,,,,,,,,
01/10/2025,AC,1,16,11.7,10.6,11.15,81,46.9,34.1,13,11,10,13,11.75,21.5,33.25,0.03771,12:02,12:12,,,,,,,,,,,,,,,,,,,,,,,,,,,,,,,,,,,,,,,,,,,,,,,,,,,,,,,,,,,,,,,,,,,,,,,,,,,,,,,,,
01/10/2025,AC,2,,10.9,10.5,10.7,82.5,58.5,24,12,14,16,14,14,21.5,35.5,0.04026,10:48,12:00,,Y,Y,,,,,,,,,,,,,,,,,,,,,,,,,,,,,,,,,,,,,,,,,,,,,,,,,,,,,,,,,,,,,,,,,,,,,,,,,,,,,,
01/10/2025,AC,3,,11.2,11.3,11.25,83.4,62,21.4,12,14,14,20,15,21.5,36.5,0.04140,13:37,13:47,,,,,,,,,,,,,,,,,,,,,,,,,,,,,,,,,,,,,,,,,,,,,,,,,,,,,,,,,,,,,,,,,,,,,,,,,,,,,,,,,
01/10/2025,AC,4,,11.2,11.3,11.25,87.4,60,12,12,14,14,17,14.25,21.5,35.75,0.04054,13:26,12:36,,,,,,,,,,,,,,,,,,,,,,,,,,,,,,,,,,,,,,,,,,,,,,,,,,,,,,,,,,,,,,,,,,,,,,,,,,,,,,,,,
01/10/2025,AC,5,,11.3,11.3,11.3,86.6,55.9,30.7,16,15,13,15,14.75,21.5,36.25,0.04111,13:14,13:24,,,,,,,,,,,,,,,,,,,,,,,,,,,,,,,,,,,,,,,,,,,,,,,,,,,,,,,,,,,,,,,,,,,,,,,,,,,,,,,,,
01/10/2025,AC,6,,11.5,11.7,11.6,74,49.5,24.5,10,13,14,14,12.75,21.5,34.25,0.03884,13:02,13:12,,,,,,,,,,,,,,,,,,,,,,,,,,,,,,,,,,,,,,,,,,,,,,,,,,,,,,,,,,,,,,,,,,,,,,,,,,,,,,,,,
01/10/2025,AC,7,,11.3,12,11.65,74.1,60.2,13.9,11,77,13,16,29.25,21.5,50.75,0.05756,12:51,13:01,,,,,,,,,,,,,,,,,,,,,,,,,,,,,,,,,,,,,,,,,,,,,,,,,,,,,,,,,,,,,,,,,,,,,,,,,,,,,,,,,
01/10/2025,AC,8,,11.5,10.9,11.2,98.2,60,38.2,18,15,19,20,18,21.5,39.5,0.04480,12:39,12:49,,,,,,,,,,,,,,,,,,,,,,,,,,,,,,,,,,,,,,,,,,,,,,,,,,,,,,,,,,,,,,,,,,,,,,,,,,,,,,,,,
01/10/2025,AC,9,,11.7,11.9,11.8,83.5,63.8,19.7,18,15,18,12,15.75,21.5,37.25,0.04225,12:26,12:36,,,,,,,,,,,,,,,,,,,,,,,,,,,,,,,,,,,,,,,,,,,,,,,,,,,,,,,,,,,,,,,,,,,,,,,,,,,,,,,,,
01/10/2025,AC,10,,11.8,11.3,11.55,74,37.5,36.5,18,17,17,13,16.25,21.5,37.75,0.04281,12:14,12:24,,,,,,,,,,,,,,,,,,,,,,,,,,,,,,,,,,,,,,,,,,,,,,,,,,,,,,,,,,,,,,,,,,,,,,,,,,,,,,,,,
02/10/2025,WH,1,15,11.7,12.1,11.9,27.5,23.5,4,10.5,17.5,17,11,14,21.5,35.5,0.04026,12:53,13:03,,,,,Need to reprocess H2 flux as dimensions inaccurate,,,,,,,,,,,,,,,,,,,,,,,,,,,,,,,,,,,,,,,,,,,,,,,,,,,,,,,,,,,,,,,,,,,,,,,,,,,,
02/10/2025,WH,2,,11.4,11.3,11.35,27.5,21.5,6,10,10,8,11,9.75,21.5,31.25,0.03544,12:41,12:51,,Y,Y,,,,,,,,,,,,,,,,,,,,,,,,,,,,,,,,,,,,,,,,,,,,,,,,,,,,,,,,,,,,,,,,,,,,,,,,,,,,,,
02/10/2025,WH,3,,11.3,11.5,11.4,31,24.5,6.5,14.5,14.4,11,9,12.225,21.5,33.725,0.03825,12:27,12:37,,,,,,,,,,,,,,,,,,,,,,,,,,,,,,,,,,,,,,,,,,,,,,,,,,,,,,,,,,,,,,,,,,,,,,,,,,,,,,,,,
02/10/2025,WH,4,,10.9,11.9,11.4,40,22,18,9,12.5,19.5,15,14,21.5,35.5,0.04026,12:13,12:24,,,,,,,,,,,,,,,,,,,,,,,,,,,,,,,,,,,,,,,,,,,,,,,,,,,,,,,,,,,,,,,,,,,,,,,,,,,,,,,,,
02/10/2025,WH,5,,11.6,11.3,11.45,25,20.5,4.5,12,18.5,14,17,15.375,21.5,36.875,0.04182,11:59,12:09,,,,,,,,,,,,,,,,,,,,,,,,,,,,,,,,,,,,,,,,,,,,,,,,,,,,,,,,,,,,,,,,,,,,,,,,,,,,,,,,,
02/10/2025,WH,6,,11.5,11.6,11.55,33,21,12,15,11,12,9,11.75,21.5,33.25,0.03771,11:44,11:57,,,,,,,,,,,,,,,,,,,,,,,,,,,,,,,,,,,,,,,,,,,,,,,,,,,,,,,,,,,,,,,,,,,,,,,,,,,,,,,,,
02/10/2025,WH,7,,11.2,11.3,11.25,32.5,23,9.5,10,17,16,13.5,14.125,21.5,35.625,0.04040,11:30,11:42,,,,,,,,,,,,,,,,,,,,,,,,,,,,,,,,,,,,,,,,,,,,,,,,,,,,,,,,,,,,,,,,,,,,,,,,,,,,,,,,,
02/10/2025,WH,8,,10.9,12,11.45,NA,NA,NA,7,9,10,10,9,21.5,30.5,0.03459,11:18,11:28,,,,,,,,,,,,,,,,,,,,,,,,,,,,,,,,,,,,,,,,,,,,,,,,,,,,,,,,,,,,,,,,,,,,,,,,,,,,,,,,,
02/10/2025,WH,9,,11.1,11.1,11.1,28,20,8,14,11,8,9,10.5,21.5,32,0.03629,11:01,11:11,,,,,,,,,,,,,,,,,,,,,,,,,,,,,,,,,,,,,,,,,,,,,,,,,,,,,,,,,,,,,,,,,,,,,,,,,,,,,,,,,
02/10/2025,WH,10,,11.6,11.6,11.6,NA,NA,NA,13,15,11,15,13.5,21.5,35,0.03969,10:45,10:55,,,,,,,,,,,,,,,,,,,,,,,,,,,,,,,,,,,,,,,,,,,,,,,,,,,,,,,,,,,,,,,,,,,,,,,,,,,,,,,,,
23/10/2025,WH,1,,7.4,7.7,7.55,35,24.8,10.2,9.6,10.1,16.7,16,13.1,21.5,34.6,0.03924,10.:12,10:23,,,,,CH1 - fan off H2,,,,,,,,,,,,,,,,,,,,,,,,,,,,,,,,,,,,,,,,,,,,,,,,,,,,,,,,,,,,,,,,,,,,,,,,,,,,
23/10/2025,WH,2,,6.4,8.1,7.25,36,23.6,12.4,12,7.8,10.9,9.7,10.1,21.5,31.6,0.03584,10:25,10:35,,N,Y,,CH4 data on licor only reading off until 11:45 am??,,,,,,,,,,,,,,,,,,,,,,,,,,,,,,,,,,,,,,,,,,,,,,,,,,,,,,,,,,,,,,,,,,,,,,,,,,,,
23/10/2025,WH,3,,7.6,7.4,7.5,38.6,22.1,16.5,8.1,14,15,10,11.775,21.5,33.275,0.03774,10:38,10:48,,,,,,,,,,,,,,,,,,,,,,,,,,,,,,,,,,,,,,,,,,,,,,,,,,,,,,,,,,,,,,,,,,,,,,,,,,,,,,,,,
23/10/2025,WH,4,,7.7,7.6,7.65,48.3,23.2,25.1,17,10.1,13.4,18.2,14.675,21.5,36.175,0.04103,10:53,11:04,,,,,"No methane data for 7, 8, 9, 10.",,,,,,,,,,,,,,,,,,,,,,,,,,,,,,,,,,,,,,,,,,,,,,,,,,,,,,,,,,,,,,,,,,,,,,,,,,,,
23/10/2025,WH,5,,7.1,7,7.05,40.2,20.7,19.5,15.5,12.8,18.1,10.9,14.325,21.5,35.825,0.04063,11:07,11:18,,,,,,,,,,,,,,,,,,,,,,,,,,,,,,,,,,,,,,,,,,,,,,,,,,,,,,,,,,,,,,,,,,,,,,,,,,,,,,,,,
23/10/2025,WH,6,,7.4,7.3,7.35,34.1,22.2,11.9,8.9,11.5,11.7,10.1,10.55,21.5,32.05,0.03635,11:21,11:32,,,,,,,,,,,,,,,,,,,,,,,,,,,,,,,,,,,,,,,,,,,,,,,,,,,,,,,,,,,,,,,,,,,,,,,,,,,,,,,,,
23/10/2025,WH,7,,7.3,6.9,7.1,36.5,25.9,10.6,9.9,15.2,3.3,10.7,9.775,21.5,31.275,0.03547,11:35,11:45,,,,,,,,,,,,,,,,,,,,,,,,,,,,,,,,,,,,,,,,,,,,,,,,,,,,,,,,,,,,,,,,,,,,,,,,,,,,,,,,,
23/10/2025,WH,8,,7.7,7.8,7.75,35.4,18.8,16.6,9.2,11.7,9.8,13.4,11.025,21.5,32.525,0.03689,11:47,11:57,,,,,,,,,,,,,,,,,,,,,,,,,,,,,,,,,,,,,,,,,,,,,,,,,,,,,,,,,,,,,,,,,,,,,,,,,,,,,,,,,
23/10/2025,WH,9,,7.7,7.5,7.6,31.6,20.3,11.3,11.3,14.1,7.9,12.6,11.475,21.5,32.975,0.03740,12:00,12:11,,,,,,,,,,,,,,,,,,,,,,,,,,,,,,,,,,,,,,,,,,,,,,,,,,,,,,,,,,,,,,,,,,,,,,,,,,,,,,,,,
23/10/2025,WH,10,,8.1,8.3,8.2,31.9,9.6,22.3,15.5,12.8,13.9,12.7,13.725,21.5,35.225,0.03995,12:13,12:23,,,,,,,,,,,,,,,,,,,,,,,,,,,,,,,,,,,,,,,,,,,,,,,,,,,,,,,,,,,,,,,,,,,,,,,,,,,,,,,,,
06/11/2025,AC,1,,9.9,9.6,9.75,53.7,43.2,10.5,13,11.5,16,14,13.625,21.5,35.125,0.03984,,,,NA,Y,,No CH4 data,,,,,,,,,,,,,,,,,,,,,,,,,,,,,,,,,,,,,,,,,,,,,,,,,,,,,,,,,,,,,,,,,,,,,,,,,,,,
06/11/2025,AC,2,,10.4,10,10.2,63.8,58.3,5.5,16,15,15.5,17,15.875,21.5,37.375,0.04239,,,,,,,"CH1 & 2, H2 was collected over 1-7 mins rather than 1-5 ",,,,,,,,,,,,,,,,,,,,,,,,,,,,,,,,,,,,,,,,,,,,,,,,,,,,,,,,,,,,,,,,,,,,,,,,,,,,
06/11/2025,AC,3,,10.1,10.6,10.35,66.2,51.7,14.5,15,13,14,14,14,21.5,35.5,0.04026,,,,,,,,,,,,,,,,,,,,,,,,,,,,,,,,,,,,,,,,,,,,,,,,,,,,,,,,,,,,,,,,,,,,,,,,,,,,,,,,,,,
06/11/2025,AC,4,,10.8,10.4,10.6,64.3,56.2,8.1,12,14,16,13,13.75,21.5,35.25,0.03998,,,,,,,,,,,,,,,,,,,,,,,,,,,,,,,,,,,,,,,,,,,,,,,,,,,,,,,,,,,,,,,,,,,,,,,,,,,,,,,,,,,
06/11/2025,AC,5,,10.5,10.3,10.4,61,54.6,6.4,18.5,16,15,15,16.125,21.5,37.625,0.04267,,,,,,,,,,,,,,,,,,,,,,,,,,,,,,,,,,,,,,,,,,,,,,,,,,,,,,,,,,,,,,,,,,,,,,,,,,,,,,,,,,,
06/11/2025,AC,6,,10.5,10,10.25,54.4,47.8,6.6,12.5,15,12.3,13.8,13.4,21.5,34.9,0.03958,,,,,,,,,,,,,,,,,,,,,,,,,,,,,,,,,,,,,,,,,,,,,,,,,,,,,,,,,,,,,,,,,,,,,,,,,,,,,,,,,,,
06/11/2025,AC,7,,10.5,10,10.25,63.6,60.2,3.4,15,20,13.5,15,15.875,21.5,37.375,0.04239,,,,,,,,,,,,,,,,,,,,,,,,,,,,,,,,,,,,,,,,,,,,,,,,,,,,,,,,,,,,,,,,,,,,,,,,,,,,,,,,,,,
06/11/2025,AC,8,,10.5,10.2,10.35,64.4,59,5.4,20.5,18.5,16,19.6,18.65,21.5,40.15,0.04553,,,,,,,,,,,,,,,,,,,,,,,,,,,,,,,,,,,,,,,,,,,,,,,,,,,,,,,,,,,,,,,,,,,,,,,,,,,,,,,,,,,
06/11/2025,AC,9,,10.1,10.4,10.25,68.4,62.2,6.2,19,15.4,18.8,17.5,17.675,21.5,39.175,0.04443,,,,,,,,,,,,,,,,,,,,,,,,,,,,,,,,,,,,,,,,,,,,,,,,,,,,,,,,,,,,,,,,,,,,,,,,,,,,,,,,,,,
06/11/2025,AC,10,,10.8,10.1,10.45,40.1,37.1,3,19,14.7,12,17.5,15.8,21.5,37.3,0.04230,,,,,,,,,,,,,,,,,,,,,,,,,,,,,,,,,,,,,,,,,,,,,,,,,,,,,,,,,,,,,,,,,,,,,,,,,,,,,,,,,,,
18/11/2025,WH,1,,,,NA,,,NA,,,,,#DIV/0!,21.5,#DIV/0!,#DIV/0!,,,,,,,,,,,,,,,,,,,,,,,,,,,,,,,,,,,,,,,,,,,,,,,,,,,,,,,,,,,,,,,,,,,,,,,,,,,,,,,,,,,
18/11/2025,WH,2,,,,NA,,,NA,,,,,#DIV/0!,21.5,#DIV/0!,#DIV/0!,,,,,,,GC error. Samples not analysed until 04/12/2025. Vials were parafilmed on 19/11/2025 to reduce leakage. On 04/12/2025 samples were run on the GC inlcuding original stds and fresh ones. ,,,,,,,,,,,,,,,,,,,,,,,,,,,,,,,,,,,,,,,,,,,,,,,,,,,,,,,,,,,,,,,,,,,,,,,,,,,,
18/11/2025,WH,3,,,,NA,,,NA,,,,,#DIV/0!,21.5,#DIV/0!,#DIV/0!,,,,,,,,,,,,,,,,,,,,,,,,,,,,,,,,,,,,,,,,,,,,,,,,,,,,,,,,,,,,,,,,,,,,,,,,,,,,,,,,,,,
18/11/2025,WH,4,,,,NA,,,NA,,,,,#DIV/0!,21.5,#DIV/0!,#DIV/0!,,,,,,,,,,,,,,,,,,,,,,,,,,,,,,,,,,,,,,,,,,,,,,,,,,,,,,,,,,,,,,,,,,,,,,,,,,,,,,,,,,,
18/11/2025,WH,5,,,,NA,,,NA,,,,,#DIV/0!,21.5,#DIV/0!,#DIV/0!,,,,,,,,,,,,,,,,,,,,,,,,,,,,,,,,,,,,,,,,,,,,,,,,,,,,,,,,,,,,,,,,,,,,,,,,,,,,,,,,,,,
18/11/2025,WH,6,,,,NA,,,NA,,,,,#DIV/0!,21.5,#DIV/0!,#DIV/0!,,,,,,,,,,,,,,,,,,,,,,,,,,,,,,,,,,,,,,,,,,,,,,,,,,,,,,,,,,,,,,,,,,,,,,,,,,,,,,,,,,,
18/11/2025,WH,7,,,,NA,,,NA,,,,,#DIV/0!,21.5,#DIV/0!,#DIV/0!,,,,,,,,,,,,,,,,,,,,,,,,,,,,,,,,,,,,,,,,,,,,,,,,,,,,,,,,,,,,,,,,,,,,,,,,,,,,,,,,,,,
18/11/2025,WH,8,,,,NA,,,NA,,,,,#DIV/0!,21.5,#DIV/0!,#DIV/0!,,,,,,,,,,,,,,,,,,,,,,,,,,,,,,,,,,,,,,,,,,,,,,,,,,,,,,,,,,,,,,,,,,,,,,,,,,,,,,,,,,,
18/11/2025,WH,9,,,,NA,,,NA,,,,,#DIV/0!,21.5,#DIV/0!,#DIV/0!,,,,,,,,,,,,,,,,,,,,,,,,,,,,,,,,,,,,,,,,,,,,,,,,,,,,,,,,,,,,,,,,,,,,,,,,,,,,,,,,,,,
18/11/2025,WH,10,,,,NA,,,NA,,,,,#DIV/0!,21.5,#DIV/0!,#DIV/0!,,,,,,,,,,,,,,,,,,,,,,,,,,,,,,,,,,,,,,,,,,,,,,,,,,,,,,,,,,,,,,,,,,,,,,,,,,,,,,,,,,,
10/12/2025,AC,1,6.6,6.5,6.3,6.4,53,46.5,6.5,12,10,11.5,11,11.125,21.5,32.625,0.03700,,,,,,,,,,,,,,,,,,,,,,,,,,,,,,,,,,,,,,,,,,,,,,,,,,,,,,,,,,,,,,,,,,,,,,,,,,,,,,,,,,,
10/12/2025,AC,2,,6.4,6.4,6.4,60.2,57.8,2.4,15,15.6,15.6,15.7,15.475,21.5,36.975,0.04193,10:47,10:57,,NA,Y,,Removed  outlier standards 200 & 800 to fit calibration,,,,,,,,,,,,,,,,,,,,,,,,,,,,,,,,,,,,,,,,,,,,,,,,,,,,,,,,,,,,,,,,,,,,,,,,,,,,
10/12/2025,AC,3,,6.3,6.1,6.2,65.2,62,3.2,14,12,19,19.5,16.125,21.5,37.625,0.04267,10:59,11:09,,,,,LICOR tubing ripped,,,,,,,,,,,,,,,,,,,,,,,,,,,,,,,,,,,,,,,,,,,,,,,,,,,,,,,,,,,,,,,,,,,,,,,,,,,,
10/12/2025,AC,4,,6.3,6.3,6.3,61.6,57,4.6,14,13.5,15,14.5,14.25,21.5,35.75,0.04054,,,,,,,Cold wet rainy WINDY,,,,,,,,,,,,,,,,,,,,,,,,,,,,,,,,,,,,,,,,,,,,,,,,,,,,,,,,,,,,,,,,,,,,,,,,,,,,
10/12/2025,AC,5,,6.2,6.1,6.15,59.8,55.7,4.1,13,15,13,15,14,21.5,35.5,0.04026,,,,,,,Slimy stuff in std syringe - maybe affected precision of the stds,,,,,,,,,,,,,,,,,,,,,,,,,,,,,,,,,,,,,,,,,,,,,,,,,,,,,,,,,,,,,,,,,,,,,,,,,,,,
10/12/2025,AC,6,,6.5,6.3,6.4,52.6,47,5.6,15,11,12.5,12.5,12.75,21.5,34.25,0.03884,,,,,,,,,,,,,,,,,,,,,,,,,,,,,,,,,,,,,,,,,,,,,,,,,,,,,,,,,,,,,,,,,,,,,,,,,,,,,,,,,,,
10/12/2025,AC,7,,6.4,6.4,6.4,62.5,58.5,4,18,13,11,16,14.5,21.5,36,0.04083,,,,,,,,,,,,,,,,,,,,,,,,,,,,,,,,,,,,,,,,,,,,,,,,,,,,,,,,,,,,,,,,,,,,,,,,,,,,,,,,,,,
10/12/2025,AC,8,,6.4,6.4,6.4,61,55,6,19,19.5,16,16,17.625,21.5,39.125,0.04437,,,,,,,,,,,,,,,,,,,,,,,,,,,,,,,,,,,,,,,,,,,,,,,,,,,,,,,,,,,,,,,,,,,,,,,,,,,,,,,,,,,
10/12/2025,AC,9,,6.2,6.4,6.3,64,61.4,2.6,15,18,19.5,19,17.875,21.5,39.375,0.04466,,,,,,,,,,,,,,,,,,,,,,,,,,,,,,,,,,,,,,,,,,,,,,,,,,,,,,,,,,,,,,,,,,,,,,,,,,,,,,,,,,,
10/12/2025,AC,10,,6.3,6.2,6.25,40.5,30.5,10,15,12,14,10,12.75,21.5,34.25,0.03884,,,,,,,,,,,,,,,,,,,,,,,,,,,,,,,,,,,,,,,,,,,,,,,,,,,,,,,,,,,,,,,,,,,,,,,,,,,,,,,,,,,
11/12/2025,WH,1,8.05,6.1,6.4,6.25,27,24,3,15,10,10.5,15.5,12.75,21.5,34.25,0.03884,,,,,,,,,,,,,,,,,,,,,,,,,,,,,,,,,,,,,,,,,,,,,,,,,,,,,,,,,,,,,,,,,,,,,,,,,,,,,,,,,,,
11/12/2025,WH,2,,6.1,6.4,6.25,26.9,20.5,6.4,11,10,11,13.5,11.375,21.5,32.875,0.03728,,,,Y,Y,,We had a hole in the tubing on chambers 8 & 9. Samples reextracted in sam vials,,,,,,,,,,,,,,,,,,,,,,,,,,,,,,,,,,,,,,,,,,,,,,,,,,,,,,,,,,,,,,,,,,,,,,,,,,,,
11/12/2025,WH,3,,6.2,6.4,6.3,28,24,4,10,11,11.4,7,9.85,21.5,31.35,0.03555,,,,,,,,,,,,,,,,,,,,,,,,,,,,,,,,,,,,,,,,,,,,,,,,,,,,,,,,,,,,,,,,,,,,,,,,,,,,,,,,,,,
11/12/2025,WH,4,,6.6,6.2,6.4,36.7,23,13.7,13,18.5,17,16,16.125,21.5,37.625,0.04267,,,,,,,No data for chamber 6. GC read off is a dummy,,,,,,,,,,,,,,,,,,,,,,,,,,,,,,,,,,,,,,,,,,,,,,,,,,,,,,,,,,,,,,,,,,,,,,,,,,,,
11/12/2025,WH,5,,6.7,6.2,6.45,24.5,21,3.5,11.5,18,15,13,14.375,21.5,35.875,0.04069,,,,,,,Only CH4 for 7.8.9.10,,,,,,,,,,,,,,,,,,,,,,,,,,,,,,,,,,,,,,,,,,,,,,,,,,,,,,,,,,,,,,,,,,,,,,,,,,,,
11/12/2025,WH,6,,,,NA,,,NA,,,,,#DIV/0!,21.5,#DIV/0!,#DIV/0!,,,,,,,,,,,,,,,,,,,,,,,,,,,,,,,,,,,,,,,,,,,,,,,,,,,,,,,,,,,,,,,,,,,,,,,,,,,,,,,,,,,
11/12/2025,WH,7,,6.4,6.3,6.35,27.5,24.5,3,10,11,10.7,11.5,10.8,21.5,32.3,0.03663,12:46,12:56,,,,,,,,,,,,,,,,,,,,,,,,,,,,,,,,,,,,,,,,,,,,,,,,,,,,,,,,,,,,,,,,,,,,,,,,,,,,,,,,,
11/12/2025,WH,8,,6.4,6.4,6.4,23.9,15,8.9,8,7,10,11,9,21.5,30.5,0.03459,12:24,12:40,,,,,,,,,,,,,,,,,,,,,,,,,,,,,,,,,,,,,,,,,,,,,,,,,,,,,,,,,,,,,,,,,,,,,,,,,,,,,,,,,
11/12/2025,WH,9,,6.2,6.2,6.2,23,21,2,11,12,9,9,10.25,21.5,31.75,0.03601,12:09,12:21,,,,,,,,,,,,,,,,,,,,,,,,,,,,,,,,,,,,,,,,,,,,,,,,,,,,,,,,,,,,,,,,,,,,,,,,,,,,,,,,,
11/12/2025,WH,10,,6.4,6.5,6.45,17.1,10,7.1,13,15,11.3,12.6,12.975,21.5,34.475,0.03910,11:49,12:07,,,,,,,,,,,,,,,,,,,,,,,,,,,,,,,,,,,,,,,,,,,,,,,,,,,,,,,,,,,,,,,,,,,,,,,,,,,,,,,,,
16/12/2025,WH,1,1.35,3.1,2.9,3,27,24,3,15,10,10.5,15.5,12.75,21.5,34.25,0.03884,14:19,14:29,,,,,,,,,,,,,,,,,,,,,,,,,,,,,,,,,,,,,,,,,,,,,,,,,,,,,,,,,,,,,,,,,,,,,,,,,,,,,,,,,
16/12/2025,WH,2,,1.5,1.3,1.4,27.5,20,7.5,11,10,11,13.5,11.375,21.5,32.875,0.03728,13:58,14:17,,Y,Y,,No 6. Replaced chamber today to resettle,,,,,,,,,,,,,,,,,,,,,,,,,,,,,,,,,,,,,,,,,,,,,,,,,,,,,,,,,,,,,,,,,,,,,,,,,,,,
16/12/2025,WH,3,,3,2.5,2.75,28.5,24,4.5,10,11,11.4,7,9.85,21.5,31.35,0.03555,12:38,12:52,,,,,,,,,,,,,,,,,,,,,,,,,,,,,,,,,,,,,,,,,,,,,,,,,,,,,,,,,,,,,,,,,,,,,,,,,,,,,,,,,
16/12/2025,WH,4,,2.6,2.8,2.7,37,22,15,13,18.5,17,16,16.125,21.5,37.625,0.04267,12:05,12:21,,,,,,,,,,,,,,,,,,,,,,,,,,,,,,,,,,,,,,,,,,,,,,,,,,,,,,,,,,,,,,,,,,,,,,,,,,,,,,,,,
16/12/2025,WH,5,,2.5,3.1,2.8,25,20.5,4.5,11.5,18,15,13,14.375,21.5,35.875,0.04069,12:23,12:33,,,,,,,,,,,,,,,,,,,,,,,,,,,,,,,,,,,,,,,,,,,,,,,,,,,,,,,,,,,,,,,,,,,,,,,,,,,,,,,,,
16/12/2025,WH,6,,,,NA,,,NA,,,,,#DIV/0!,21.5,#DIV/0!,,,,,,,,,,,,,,,,,,,,,,,,,,,,,,,,,,,,,,,,,,,,,,,,,,,,,,,,,,,,,,,,,,,,,,,,,,,,,,,,,,,,
16/12/2025,WH,7,,3.1,2.9,3,28.5,25.2,3.3,10,11,10.7,11.5,10.8,21.5,32.3,0.03663,11:53,12:03,,,,,,,,,,,,,,,,,,,,,,,,,,,,,,,,,,,,,,,,,,,,,,,,,,,,,,,,,,,,,,,,,,,,,,,,,,,,,,,,,
16/12/2025,WH,8,,3.3,3.2,3.25,24.5,14,10.5,8,7,10,11,9,21.5,30.5,0.03459,11:38,11:50,,,,,,,,,,,,,,,,,,,,,,,,,,,,,,,,,,,,,,,,,,,,,,,,,,,,,,,,,,,,,,,,,,,,,,,,,,,,,,,,,
16/12/2025,WH,9,,3.3,3.8,3.55,23.5,20,3.5,11,12,9,9,10.25,21.5,31.75,0.03601,11:26,11:36,,,,,,,,,,,,,,,,,,,,,,,,,,,,,,,,,,,,,,,,,,,,,,,,,,,,,,,,,,,,,,,,,,,,,,,,,,,,,,,,,
16/12/2025,WH,10,,3,3.4,3.2,19,9.5,9.5,13,15,11.3,12.6,12.975,21.5,34.475,0.03910,11:01,11:25,,,,,,,,,,,,,,,,,,,,,,,,,,,,,,,,,,,,,,,,,,,,,,,,,,,,,,,,,,,,,,,,,,,,,,,,,,,,,,,,,
13/01/2026,AC,1,,2.2,3.2,2.7,51.5,44.7,6.8,12.8,15.4,12,12.7,13.225,21.5,34.725,0.03938,13:49,13:59,,,,,,,,,,,,,,,,,,,,,,,,,,,,,,,,,,,,,,,,,,,,,,,,,,,,,,,,,,,,,,,,,,,,,,,,,,,,,,,,,
13/01/2026,AC,2,,2.6,3.2,2.9,59.6,58.2,1.4,14.8,14.2,15.6,15.2,14.95,21.5,36.45,0.04134,14:02,14:12,,Y,Y,,No dipwell at number 5 ,,,,,,,,,,,,,,,,,,,,,,,,,,,,,,,,,,,,,,,,,,,,,,,,,,,,,,,,,,,,,,,,,,,,,,,,,,,,
13/01/2026,AC,3,,2.9,3.4,3.15,64.1,62.2,1.9,19.2,18,20,12.1,17.325,21.5,38.825,0.04403,14:14,14:24,,,,,Brendan,,,,,,,,,,,,,,,,,,,,,,,,,,,,,,,,,,,,,,,,,,,,,,,,,,,,,,,,,,,,,,,,,,,,,,,,,,,,
13/01/2026,AC,4,,1.1,1.6,1.35,61.45,60,1.45,16.2,15.3,12.3,14.1,14.475,21.5,35.975,0.04080,14:26,14:36,,,,,H2 script stopped at std calib,,,,,,,,,,,,,,,,,,,,,,,,,,,,,,,,,,,,,,,,,,,,,,,,,,,,,,,,,,,,,,,,,,,,,,,,,,,,
13/01/2026,AC,5,,1.9,3.3,2.6,52.4,47.9,4.5,13.9,15.7,18.3,12.7,15.15,21.5,36.65,0.04157,14:39,14:49,,,,,,,,,,,,,,,,,,,,,,,,,,,,,,,,,,,,,,,,,,,,,,,,,,,,,,,,,,,,,,,,,,,,,,,,,,,,,,,,,
13/01/2026,AC,6,,2.5,2.2,2.35,52.4,47.9,4.5,12.2,12.6,13.5,10.9,12.3,21.5,33.8,0.03833,14:52,15:03,,,,,,,,,,,,,,,,,,,,,,,,,,,,,,,,,,,,,,,,,,,,,,,,,,,,,,,,,,,,,,,,,,,,,,,,,,,,,,,,,
13/01/2026,AC,7,,2.7,2.8,2.75,62.8,60.6,2.2,19.3,19.6,10.9,8.7,14.625,21.5,36.125,0.04097,15:04,15:14,,,,,,,,,,,,,,,,,,,,,,,,,,,,,,,,,,,,,,,,,,,,,,,,,,,,,,,,,,,,,,,,,,,,,,,,,,,,,,,,,
13/01/2026,AC,8,,2.8,3.3,3.05,61.7,54.6,7.1,13.6,20.7,19.6,15.3,17.3,21.5,38.8,0.04400,15:16,15:26,,,,,,,,,,,,,,,,,,,,,,,,,,,,,,,,,,,,,,,,,,,,,,,,,,,,,,,,,,,,,,,,,,,,,,,,,,,,,,,,,
13/01/2026,AC,9,,3,3.4,3.2,66.9,63.6,3.3,12.1,16.1,19.2,14.3,15.425,21.5,36.925,0.04188,15:28,15:39,,,,,,,,,,,,,,,,,,,,,,,,,,,,,,,,,,,,,,,,,,,,,,,,,,,,,,,,,,,,,,,,,,,,,,,,,,,,,,,,,
13/01/2026,AC,10,,3.6,2.8,3.2,39.7,36.6,3.1,18.1,15.2,13.6,10.9,14.45,21.5,35.95,0.04077,15:40,15:52,,,,,,,,,,,,,,,,,,,,,,,,,,,,,,,,,,,,,,,,,,,,,,,,,,,,,,,,,,,,,,,,,,,,,,,,,,,,,,,,,
15/01/2026,WH,1,4.5,1.6,0.7,1.15,26.7,23.5,3.2,17.5,11.3,11.5,16.2,14.125,21.5,35.625,0.04040,10:20,10:33,,,,,,,,,,,,,,,,,,,,,,,,,,,,,,,,,,,,,,,,,,,,,,,,,,,,,,,,,,,,,,,,,,,,,,,,,,,,,,,,,
15/01/2026,WH,2,,0.6,0.5,0.55,27.6,20.2,7.4,6.9,9,10.2,7,8.275,21.5,29.775,0.03377,10:35,10:47,,Y,Y,Y,"C2 - P: Septum in vial was pierced before use, C3 - P was not. Assuming that I have accidentally used vial for C2P for C3P. Swapped over for run.",,,,,,,,,,,,,,,,,,,,,,,,,,,,,,,,,,,,,,,,,,,,,,,,,,,,,,,,,,,,,,,,,,,,,,,,,,,,
15/01/2026,WH,3,,0.6,0.1,0.35,28.7,24.2,4.5,15.6,16.6,10.7,16,14.725,21.5,36.225,0.04108,10:49,10:59,,,,,Brendan,,,,,,,,,,,,,,,,,,,,,,,,,,,,,,,,,,,,,,,,,,,,,,,,,,,,,,,,,,,,,,,,,,,,,,,,,,,,
15/01/2026,WH,4,,1.5,1.5,1.5,37.1,22.5,14.6,16.2,9.2,17.9,18.8,15.525,21.5,37.025,0.04199,11:02,11:13,,,,,,,,,,,,,,,,,,,,,,,,,,,,,,,,,,,,,,,,,,,,,,,,,,,,,,,,,,,,,,,,,,,,,,,,,,,,,,,,,
15/01/2026,WH,5,,0.3,0,0.15,24.6,19.6,5,18.5,13.6,18.1,11.9,15.525,21.5,37.025,0.04199,11:29,11:39,,,,,,,,,,,,,,,,,,,,,,,,,,,,,,,,,,,,,,,,,,,,,,,,,,,,,,,,,,,,,,,,,,,,,,,,,,,,,,,,,
15/01/2026,WH,6,,1,2,1.5,28,21.7,6.3,14.5,12.7,10.8,13.3,12.825,21.5,34.325,0.03893,11:16,11:26,,,,,,,,,,,,,,,,,,,,,,,,,,,,,,,,,,,,,,,,,,,,,,,,,,,,,,,,,,,,,,,,,,,,,,,,,,,,,,,,,
15/01/2026,WH,7,,0.7,1.7,1.2,28.6,26.2,2.4,17.3,12.4,17.9,13.7,15.325,21.5,36.825,0.04176,11:41,11:52,,,,,,,,,,,,,,,,,,,,,,,,,,,,,,,,,,,,,,,,,,,,,,,,,,,,,,,,,,,,,,,,,,,,,,,,,,,,,,,,,
15/01/2026,WH,8,,0.7,1.1,0.9,23.9,16.8,7.1,9,1.6,7.5,13,7.775,21.5,29.275,0.03320,11:54,12:05,,,,,,,,,,,,,,,,,,,,,,,,,,,,,,,,,,,,,,,,,,,,,,,,,,,,,,,,,,,,,,,,,,,,,,,,,,,,,,,,,
15/01/2026,WH,9,,2.3,1.7,2,22.8,19.8,3,1.2,16.1,10.3,9,9.15,21.5,30.65,0.03476,12:05,12:16,,,,,,,,,,,,,,,,,,,,,,,,,,,,,,,,,,,,,,,,,,,,,,,,,,,,,,,,,,,,,,,,,,,,,,,,,,,,,,,,,
15/01/2026,WH,10,,1.2,2,1.6,20.1,9.9,10.2,13.6,11.5,13.9,12,12.75,21.5,34.25,0.03884,12:18,12:29,,,,,,,,,,,,,,,,,,,,,,,,,,,,,,,,,,,,,,,,,,,,,,,,,,,,,,,,,,,,,,,,,,,,,,,,,,,,,,,,,
17/02/2026,AC,1,0.7,1.3,1.8,1.55,52.5,43,9.5,8,7,12,11.5,9.625,21.5,31.125,0.03530,13:25,13:36,,,,,,,,,,,,,,,,,,,,,,,,,,,,,,,,,,,,,,,,,,,,,,,,,,,,,,,,,,,,,,,,,,,,,,,,,,,,,,,,,
17/02/2026,AC,2,,2.3,2,2.15,60,58,2,12.5,14.5,14,15,14,21.5,35.5,0.04026,13:37,13:47,,,,,C2 frozen over. Removed ice and drained water but still very wet,,,,,,,,,,,,,,,,,,,,,,,,,,,,,,,,,,,,,,,,,,,,,,,,,,,,,,,,,,,,,,,,,,,,,,,,,,,,
17/02/2026,AC,3,,1.5,1.6,1.55,65,62,3,14,15,10,19.5,14.625,21.5,36.125,0.04097,13:48,13:59,,,,,C4 frozen also,,,,,,,,,,,,,,,,,,,,,,,,,,,,,,,,,,,,,,,,,,,,,,,,,,,,,,,,,,,,,,,,,,,,,,,,,,,,
17/02/2026,AC,4,,1.7,1,1.35,63.5,55,8.5,12.5,12.5,10,10,11.25,21.5,32.75,0.03714,14:00,14:10,,,,,,,,,,,,,,,,,,,,,,,,,,,,,,,,,,,,,,,,,,,,,,,,,,,,,,,,,,,,,,,,,,,,,,,,,,,,,,,,,
17/02/2026,AC,5,,1.3,1.5,1.4,52,44,8,12,11,14,11,12,21.5,33.5,0.03799,14:11,14:21,,,,,,,,,,,,,,,,,,,,,,,,,,,,,,,,,,,,,,,,,,,,,,,,,,,,,,,,,,,,,,,,,,,,,,,,,,,,,,,,,
17/02/2026,AC,6,,1,1.3,1.15,52,44,8,10,12,10.5,16,12.125,21.5,33.625,0.03813,14:25,14:35,,,,,,,,,,,,,,,,,,,,,,,,,,,,,,,,,,,,,,,,,,,,,,,,,,,,,,,,,,,,,,,,,,,,,,,,,,,,,,,,,
17/02/2026,AC,7,,1.7,1.4,1.55,63,60,3,19,12.5,11,9,12.875,21.5,34.375,0.03899,14:37,14:48,,,,,,,,,,,,,,,,,,,,,,,,,,,,,,,,,,,,,,,,,,,,,,,,,,,,,,,,,,,,,,,,,,,,,,,,,,,,,,,,,
17/02/2026,AC,8,,1.5,1.9,1.7,61,54,7,20,21,16,20,19.25,21.5,40.75,0.04622,14:49,14:59,,,,,,,,,,,,,,,,,,,,,,,,,,,,,,,,,,,,,,,,,,,,,,,,,,,,,,,,,,,,,,,,,,,,,,,,,,,,,,,,,
17/02/2026,AC,9,,1.3,1.3,1.3,67,64,3,13,19.5,13,11,14.125,21.5,35.625,0.04040,15:00,15:10,,,,,,,,,,,,,,,,,,,,,,,,,,,,,,,,,,,,,,,,,,,,,,,,,,,,,,,,,,,,,,,,,,,,,,,,,,,,,,,,,
17/02/2026,AC,10,,0.6,1.1,0.85,40,37,3,13,18,11,16,14.5,21.5,36,0.04083,15:11,15:21,,,,,,,,,,,,,,,,,,,,,,,,,,,,,,,,,,,,,,,,,,,,,,,,,,,,,,,,,,,,,,,,,,,,,,,,,,,,,,,,,
25/02/2026,WH,1,9.15,6.2,6.2,6.2,18,15,3,16,12,18,11,14.25,21.5,35.75,0.04054,10:55,11:06,,,,,,,,,,,,,,,,,,,,,,,,,,,,,,,,,,,,,,,,,,,,,,,,,,,,,,,,,,,,,,,,,,,,,,,,,,,,,,,,,
25/02/2026,WH,2,,,,NA,27,23.5,3.5,,,,,#DIV/0!,21.5,#DIV/0!,#DIV/0!,,,,,,,C2 saturated and needed to be lifted to drain,,,,,,,,,,,,,,,,,,,,,,,,,,,,,,,,,,,,,,,,,,,,,,,,,,,,,,,,,,,,,,,,,,,,,,,,,,,,
25/02/2026,WH,3,,6,6.3,6.15,29,26,3,18,18,9,20,16.25,21.5,37.75,0.04281,11:32,11:42,,,,,C6 also saturated but able to replace,,,,,,,,,,,,,,,,,,,,,,,,,,,,,,,,,,,,,,,,,,,,,,,,,,,,,,,,,,,,,,,,,,,,,,,,,,,,
25/02/2026,WH,4,,6.7,7,6.85,36,24,12,12,17,19,20,17,21.5,38.5,0.04366,11:20,11:30,,,,,,,,,,,,,,,,,,,,,,,,,,,,,,,,,,,,,,,,,,,,,,,,,,,,,,,,,,,,,,,,,,,,,,,,,,,,,,,,,
25/02/2026,WH,5,,6.5,7.3,6.9,25,21,4,20,15,15,19,17.25,21.5,38.75,0.04395,11:44,11:54,,,,,Messed up on the GC. Vials were ran in the wrong sequence so mark was able to backfill the vials that were missed (11-22) from the previous run. ,,,,,,,,,,,,,,,,,,,,,,,,,,,,,,,,,,,,,,,,,,,,,,,,,,,,,,,,,,,,,,,,,,,,,,,,,,,,
25/02/2026,WH,6,,6.3,6.5,6.4,27,23,4,19,17,16,16,17,21.5,38.5,0.04366,11:56,12:06,,,,,,,,,,,,,,,,,,,,,,,,,,,,,,,,,,,,,,,,,,,,,,,,,,,,,,,,,,,,,,,,,,,,,,,,,,,,,,,,,
25/02/2026,WH,7,,6.2,6.3,6.25,29,26,3,18,12,17,14,15.25,21.5,36.75,0.04168,12:09,12:19,,,,,,,,,,,,,,,,,,,,,,,,,,,,,,,,,,,,,,,,,,,,,,,,,,,,,,,,,,,,,,,,,,,,,,,,,,,,,,,,,
25/02/2026,WH,8,,6.1,6.7,6.4,25,18,7,8,13,8.5,11,10.125,21.5,31.625,0.03587,12:21,12:31,,,,,,,,,,,,,,,,,,,,,,,,,,,,,,,,,,,,,,,,,,,,,,,,,,,,,,,,,,,,,,,,,,,,,,,,,,,,,,,,,
25/02/2026,WH,9,,5.3,5.4,5.35,23,21,2,4,7,12,11,8.5,21.5,30,0.03402,12:34,12:44,,,,,,,,,,,,,,,,,,,,,,,,,,,,,,,,,,,,,,,,,,,,,,,,,,,,,,,,,,,,,,,,,,,,,,,,,,,,,,,,,
25/02/2026,WH,10,,6.7,7.2,6.95,14,14,NA,18,15,16,16,16.25,21.5,37.75,0.04281,12:46,12:56,,,,,,,,,,,,,,,,,,,,,,,,,,,,,,,,,,,,,,,,,,,,,,,,,,,,,,,,,,,,,,,,,,,,,,,,,,,,,,,,,
18/03/2026,AC,1,12.3,6.9,6.9,6.9,53.4,45.4,8,12.5,13,11,14.5,12.75,21.5,34.25,0.03884,11:29,11:39,,,,,,,,,,,,,,,,,,,,,,,,,,,,,,,,,,,,,,,,,,,,,,,,,,,,,,,,,,,,,,,,,,,,,,,,,,,,,,,,,
18/03/2026,AC,2,,,,NA,,,NA,,,,,#DIV/0!,21.5,#DIV/0!,#DIV/0!,,,,,,,Chamber 2 saturated far above the water table. Chamber was removed and allowed to drain. It took a long time to drain so chamber was left out for the duration os sampling event. ,,,,,,,,,,,,,,,,,,,,,,,,,,,,,,,,,,,,,,,,,,,,,,,,,,,,,,,,,,,,,,,,,,,,,,,,,,,,
18/03/2026,AC,3,,7,6.5,6.75,66,62.2,3.8,17,17,19.5,19.3,18.2,21.5,39.7,0.04502,11:41,11:51,,,,,,,,,,,,,,,,,,,,,,,,,,,,,,,,,,,,,,,,,,,,,,,,,,,,,,,,,,,,,,,,,,,,,,,,,,,,,,,,,
18/03/2026,AC,4,,6.8,6.4,6.6,64.5,58,6.5,12.6,14.5,13,14,13.525,21.5,35.025,0.03972,12:02,12:12,,,,,,,,,,,,,,,,,,,,,,,,,,,,,,,,,,,,,,,,,,,,,,,,,,,,,,,,,,,,,,,,,,,,,,,,,,,,,,,,,
18/03/2026,AC,5,,6.6,6.2,6.4,65,60.7,4.3,14,12.5,14,15,13.875,21.5,35.375,0.04012,12:14,12:29,,,,,LICOR only recorded from 12:57 onwards,,,,,,,,,,,,,,,,,,,,,,,,,,,,,,,,,,,,,,,,,,,,,,,,,,,,,,,,,,,,,,,,,,,,,,,,,,,,
18/03/2026,AC,6,,6.4,6.4,6.4,54,48.2,5.8,12,16,11,12.5,12.875,21.5,34.375,0.03899,12:31,12:41,,,,,,,,,,,,,,,,,,,,,,,,,,,,,,,,,,,,,,,,,,,,,,,,,,,,,,,,,,,,,,,,,,,,,,,,,,,,,,,,,
18/03/2026,AC,7,,6.3,7.2,6.75,65,58.1,6.9,19,19,17.9,15.5,17.85,21.5,39.35,0.04463,12:42,12:52,,,,,,,,,,,,,,,,,,,,,,,,,,,,,,,,,,,,,,,,,,,,,,,,,,,,,,,,,,,,,,,,,,,,,,,,,,,,,,,,,
18/03/2026,AC,8,,6.7,7.3,7,63,55.5,7.5,20,16.8,15.5,19,17.825,21.5,39.325,0.04460,12:53,13:03,,,,,,,,,,,,,,,,,,,,,,,,,,,,,,,,,,,,,,,,,,,,,,,,,,,,,,,,,,,,,,,,,,,,,,,,,,,,,,,,,
18/03/2026,AC,9,,6.9,7.3,7.1,68.7,63.9,4.8,17,20,19,17.5,18.375,21.5,39.875,0.04522,13:05,13:15,,,,,,,,,,,,,,,,,,,,,,,,,,,,,,,,,,,,,,,,,,,,,,,,,,,,,,,,,,,,,,,,,,,,,,,,,,,,,,,,,
18/03/2026,AC,10,,6.3,6.5,6.4,41,36.2,4.8,13.5,14.5,16,16,15,21.5,36.5,0.04140,13:17,13:27,,,,,,,,,,,,,,,,,,,,,,,,,,,,,,,,,,,,,,,,,,,,,,,,,,,,,,,,,,,,,,,,,,,,,,,,,,,,,,,,,
25/03/2026,WH,1,8,5.2,5.2,5.2,31.5,23.5,8,13,13,10.5,10.5,11.75,21.5,33.25,0.03771,14:21:00,14:31:00,,,,,,,,,,,,,,,,,,,,,,,,,,,,,,,,,,,,,,,,,,,,,,,,,,,,,,,,,,,,,,,,,,,,,,,,,,,,,,,,,
25/03/2026,WH,2,,5.7,5.1,5.4,31,22,9,9,12,14,15,12.5,21.5,34,0.03856,14:07:00,14:17:00,,,,,,,,,,,,,,,,,,,,,,,,,,,,,,,,,,,,,,,,,,,,,,,,,,,,,,,,,,,,,,,,,,,,,,,,,,,,,,,,,
25/03/2026,WH,3,,6.7,4.6,5.65,34.4,23.8,10.6,14,9,6,15,11,21.5,32.5,0.03686,13:55:00,14:05:00,,,,,,,,,,,,,,,,,,,,,,,,,,,,,,,,,,,,,,,,,,,,,,,,,,,,,,,,,,,,,,,,,,,,,,,,,,,,,,,,,
25/03/2026,WH,4,,4.6,4.8,4.7,40.6,23,17.6,9,10.5,16,15,12.625,21.5,34.125,0.03870,13:43:00,13:53:00,,,,,,,,,,,,,,,,,,,,,,,,,,,,,,,,,,,,,,,,,,,,,,,,,,,,,,,,,,,,,,,,,,,,,,,,,,,,,,,,,
25/03/2026,WH,5,,4.4,3.8,4.1,27.9,20.5,7.4,18,12,16,12,14.5,21.5,36,0.04083,13:31:00,13:41:00,,,,,,,,,,,,,,,,,,,,,,,,,,,,,,,,,,,,,,,,,,,,,,,,,,,,,,,,,,,,,,,,,,,,,,,,,,,,,,,,,
25/03/2026,WH,6,,5.4,4.2,4.8,29.5,21,8.5,14,15.5,14,13.5,14.25,21.5,35.75,0.04054,12:40:00,12:50:00,,,,,,,,,,,,,,,,,,,,,,,,,,,,,,,,,,,,,,,,,,,,,,,,,,,,,,,,,,,,,,,,,,,,,,,,,,,,,,,,,
25/03/2026,WH,7,,3.8,3.5,3.65,31.5,25.7,5.8,13,13,16,16,14.5,21.5,36,0.04083,12:25:00,12:35:00,,,,,,,,,,,,,,,,,,,,,,,,,,,,,,,,,,,,,,,,,,,,,,,,,,,,,,,,,,,,,,,,,,,,,,,,,,,,,,,,,
25/03/2026,WH,8,,4.2,6.3,5.25,26.4,15.5,10.9,9,8,9,9.5,8.875,21.5,30.375,0.03445,12:12:00,12:22:00,,,,,,,,,,,,,,,,,,,,,,,,,,,,,,,,,,,,,,,,,,,,,,,,,,,,,,,,,,,,,,,,,,,,,,,,,,,,,,,,,
25/03/2026,WH,9,,4.2,4.1,4.15,26,20,6,10,14,9,10,10.75,21.5,32.25,0.03658,11:43:00,11:53:00,,,,,,,,,,,,,,,,,,,,,,,,,,,,,,,,,,,,,,,,,,,,,,,,,,,,,,,,,,,,,,,,,,,,,,,,,,,,,,,,,
25/03/2026,WH,10,,5.7,4.7,5.2,20.1,9.5,10.6,12,13,15,12,13,21.5,34.5,0.03913,11:24:00,11:34:00,,,,,,,,,,,,,,,,,,,,,,,,,,,,,,,,,,,,,,,,,,,,,,,,,,,,,,,,,,,,,,,,,,,,,,,,,,,,,,,,,
09/04/2026,AC,1,10,7.7,8.2,7.95,54,46.5,7.5,13.2,11.3,10.4,12.4,11.825,21.5,33.325,0.03779,12:30:00,12:40:00,,,,,,,,,,,,,,,,,,,,,,,,,,,,,,,,,,,,,,,,,,,,,,,,,,,,,,,,,,,,,,,,,,,,,,,,,,,,,,,,,
09/04/2026,AC,2,,7.8,8.1,7.95,62,58,4,14.8,14.7,14.6,15.2,14.825,21.5,36.325,0.04120,12:52:00,13:02:00,,,,,,,,,,,,,,,,,,,,,,,,,,,,,,,,,,,,,,,,,,,,,,,,,,,,,,,,,,,,,,,,,,,,,,,,,,,,,,,,,
09/04/2026,AC,3,,8.1,7.7,7.9,67.3,61.5,5.8,11.9,15,11.4,16.1,13.6,21.5,35.1,0.03981,13:06:00,13:16:00,,,,,,,,,,,,,,,,,,,,,,,,,,,,,,,,,,,,,,,,,,,,,,,,,,,,,,,,,,,,,,,,,,,,,,,,,,,,,,,,,
09/04/2026,AC,4,,8.2,8.4,8.3,66.3,56.7,9.6,11.7,14.1,13.6,11.8,12.8,21.5,34.3,0.03890,13:20:00,13:30:00,,,,,,,,,,,,,,,,,,,,,,,,,,,,,,,,,,,,,,,,,,,,,,,,,,,,,,,,,,,,,,,,,,,,,,,,,,,,,,,,,
09/04/2026,AC,5,,8,8.3,8.15,65.4,60.9,12.1,15,11.9,15.1,13.2,13.8,21.5,35.3,0.04003,13:32:00,13:42:00,,,,,,,,,,,,,,,,,,,,,,,,,,,,,,,,,,,,,,,,,,,,,,,,,,,,,,,,,,,,,,,,,,,,,,,,,,,,,,,,,
09/04/2026,AC,6,,8.4,8,8.2,53.7,48,5.7,12.1,14.3,13,11.7,12.775,21.5,34.275,0.03887,13:45:00,13:55:00,,,,,,,,,,,,,,,,,,,,,,,,,,,,,,,,,,,,,,,,,,,,,,,,,,,,,,,,,,,,,,,,,,,,,,,,,,,,,,,,,
09/04/2026,AC,7,,7.7,7.8,7.75,63.7,59,4.7,18,13,9.4,14,13.6,21.5,35.1,0.03981,13:59:00,14:09:00,,,,,,,,,,,,,,,,,,,,,,,,,,,,,,,,,,,,,,,,,,,,,,,,,,,,,,,,,,,,,,,,,,,,,,,,,,,,,,,,,
09/04/2026,AC,8,,7.3,7.4,7.35,63.4,60,3.4,18.7,18.8,16.7,13.4,16.9,21.5,38.4,0.04355,14:12:00,14:22:00,,,,,,,,,,,,,,,,,,,,,,,,,,,,,,,,,,,,,,,,,,,,,,,,,,,,,,,,,,,,,,,,,,,,,,,,,,,,,,,,,
09/04/2026,AC,9,,7.9,8.2,8.05,67.8,63.8,4,12.8,11.2,17.1,17.9,14.75,21.5,36.25,0.04111,14:23:00,14:33:00,,,,,,,,,,,,,,,,,,,,,,,,,,,,,,,,,,,,,,,,,,,,,,,,,,,,,,,,,,,,,,,,,,,,,,,,,,,,,,,,,
09/04/2026,AC,10,,8.4,7.8,8.1,40.5,37,3.5,12,11.8,12.2,9.9,11.475,21.5,32.975,0.03740,14:37:00,14:47:00,,,,,,,,,,,,,,,,,,,,,,,,,,,,,,,,,,,,,,,,,,,,,,,,,,,,,,,,,,,,,,,,,,,,,,,,,,,,,,,,,
20/04/2026,WH,1,10.9,8.7,7.6,8.3,29.9,23,6.9,17.3,15.5,10.4,9.8,13.25,21.5,34.75,0.03941,11:40,11:50,,,,,,,,,,,,,,,,,,,,,,,,,,,,,,,,,,,,,,,,,,,,,,,,,,,,,,,,,,,,,,,,,,,,,,,,,,,,,,,,,
20/04/2026,WH,2,,7.9,7.9,8,29.9,22.5,7.4,17.5,8.4,8.5,7.5,10.475,21.5,31.975,0.03626,11:54,12:04,,,,,,,,,,,,,,,,,,,,,,,,,,,,,,,,,,,,,,,,,,,,,,,,,,,,,,,,,,,,,,,,,,,,,,,,,,,,,,,,,
20/04/2026,WH,3,,8.1,8.3,7.15,32.1,24.8,7.3,16,15.5,8,7.9,11.85,21.5,33.35,0.03782,12:09,12:19,,,,,,,,,,,,,,,,,,,,,,,,,,,,,,,,,,,,,,,,,,,,,,,,,,,,,,,,,,,,,,,,,,,,,,,,,,,,,,,,,
20/04/2026,WH,4,,6.2,6,6.3,39.3,22.5,16.8,15.5,16.1,10.3,18.2,15.025,21.5,36.525,0.04142,12:22,12:32,,,,,,,,,,,,,,,,,,,,,,,,,,,,,,,,,,,,,,,,,,,,,,,,,,,,,,,,,,,,,,,,,,,,,,,,,,,,,,,,,
20/04/2026,WH,5,,6.4,7.7,6.5,27.2,20.3,6.9,12.3,18,13.4,13,14.175,21.5,35.675,0.04046,14:05,14:15,,,,,,,,,,,,,,,,,,,,,,,,,,,,,,,,,,,,,,,,,,,,,,,,,,,,,,,,,,,,,,,,,,,,,,,,,,,,,,,,,
20/04/2026,WH,6,,6.6,7.3,6.45,28.6,21,7.6,15.9,14,11.6,13.8,13.825,21.5,35.325,0.04006,13:50,14:00,,,,,,,,,,,,,,,,,,,,,,,,,,,,,,,,,,,,,,,,,,,,,,,,,,,,,,,,,,,,,,,,,,,,,,,,,,,,,,,,,
20/04/2026,WH,7,,6.3,5.8,6.3,30.2,24.8,5.4,10.3,16.8,13.5,13.6,13.55,21.5,35.05,0.03975,12:36,12:46,,,,,,,,,,,,,,,,,,,,,,,,,,,,,,,,,,,,,,,,,,,,,,,,,,,,,,,,,,,,,,,,,,,,,,,,,,,,,,,,,
20/04/2026,WH,8,,6.3,7,6.1,24.5,19,5.5,7.7,12.5,9.8,10.8,10.2,21.5,31.7,0.03595,12:51,13:01,,,,,,,,,,,,,,,,,,,,,,,,,,,,,,,,,,,,,,,,,,,,,,,,,,,,,,,,,,,,,,,,,,,,,,,,,,,,,,,,,
20/04/2026,WH,9,,5.9,6,6.95,24.5,20.3,4.2,15,13.7,9.8,10.9,12.35,21.5,33.85,0.03839,13:05,13:15,,,,,,,,,,,,,,,,,,,,,,,,,,,,,,,,,,,,,,,,,,,,,,,,,,,,,,,,,,,,,,,,,,,,,,,,,,,,,,,,,
20/04/2026,WH,10,,8,6.5,#REF!,19.2,10.5,8.7,14.7,11.2,16.9,13.6,14.1,21.5,35.6,0.04037,13:37,13:47,,,,,,,,,,,,,,,,,,,,,,,,,,,,,,,,,,,,,,,,,,,,,,,,,,,,,,,,,,,,,,,,,,,,,,,,,,,,,,,,,
12/05/2026,WH,1,17.15,13.5,11.5,13.05,37,22,15,17.5,11,15,7,12.625,21.5,34.125,0.03870,14:21,14:31,,,,,,,,,,,,,,,,,,,,,,,,,,,,,,,,,,,,,,,,,,,,,,,,,,,,,,,,,,,,,,,,,,,,,,,,,,,,,,,,,
12/05/2026,WH,2,,12.6,9.9,12.55,34,22,12,13,10,10,11.5,11.125,21.5,32.625,0.03700,14:48,14:58,,,,,,,,,,,,,,,,,,,,,,,,,,,,,,,,,,,,,,,,,,,,,,,,,,,,,,,,,,,,,,,,,,,,,,,,,,,,,,,,,
12/05/2026,WH,3,,12.5,13,11.2,35.5,24.5,11,15,15,16.5,16,15.625,21.5,37.125,0.04210,15:01,15:11,,,,,,,,,,,,,,,,,,,,,,,,,,,,,,,,,,,,,,,,,,,,,,,,,,,,,,,,,,,,,,,,,,,,,,,,,,,,,,,,,
12/05/2026,WH,4,,9.9,7.6,10.55,46.5,22.5,24,15,16,10,17.5,14.625,21.5,36.125,0.04097,15:15,15:25,,,,,,,,,,,,,,,,,,,,,,,,,,,,,,,,,,,,,,,,,,,,,,,,,,,,,,,,,,,,,,,,,,,,,,,,,,,,,,,,,
12/05/2026,WH,5,,11.2,8.2,10.3,34.5,20.5,14,14,15,16,17,15.5,21.5,37,0.04196,15:28,15:38,,,,,,,,,,,,,,,,,,,,,,,,,,,,,,,,,,,,,,,,,,,,,,,,,,,,,,,,,,,,,,,,,,,,,,,,,,,,,,,,,
13/05/2026,AC,1,11,9.4,9.4,8.6,,,35,13,11.5,12,10.5,11.75,21.5,33.25,0.03771,11:27,11:37,,,,,Lowest WT yet,,,,,,,,,,,,,,,,,,,,,,,,,,,,,,,,,,,,,,,,,,,,,,,,,,,,,,,,,,,,,,,,,,,,,,,,,,,,
13/05/2026,AC,2,,7.8,7.7,8.1,,,47,13,14,13.5,14,13.625,21.5,35.125,0.03984,11:39,11:49,,,,,,,,,,,,,,,,,,,,,,,,,,,,,,,,,,,,,,,,,,,,,,,,,,,,,,,,,,,,,,,,,,,,,,,,,,,,,,,,,
13/05/2026,AC,3,,8.4,7.8,8.6,,,40,9,9,14,15.5,11.875,21.5,33.375,0.03785,11:50,12:00,,,,,,,,,,,,,,,,,,,,,,,,,,,,,,,,,,,,,,,,,,,,,,,,,,,,,,,,,,,,,,,,,,,,,,,,,,,,,,,,,
13/05/2026,AC,4,,8.8,7.4,8.75,,,38,11.5,14,11.5,14,12.75,21.5,34.25,0.03884,12:03,12:13,,,,,,,,,,,,,,,,,,,,,,,,,,,,,,,,,,,,,,,,,,,,,,,,,,,,,,,,,,,,,,,,,,,,,,,,,,,,,,,,,
13/05/2026,AC,5,,8.7,8.6,8.55,,,38,14.5,14.5,14.5,15,14.625,21.5,36.125,0.04097,12:16,12:26,,,,,,,,,,,,,,,,,,,,,,,,,,,,,,,,,,,,,,,,,,,,,,,,,,,,,,,,,,,,,,,,,,,,,,,,,,,,,,,,,
13/05/2026,AC,6,,8.4,8,8.35,,,46,14.5,11,12,14.5,13,21.5,34.5,0.03913,12:31,12:41,,,,,,,,,,,,,,,,,,,,,,,,,,,,,,,,,,,,,,,,,,,,,,,,,,,,,,,,,,,,,,,,,,,,,,,,,,,,,,,,,
13/05/2026,AC,7,,8.3,8.8,8.3,,,36,18,12,16,10,14,21.5,35.5,0.04026,12:44,12:54,,,,,,,,,,,,,,,,,,,,,,,,,,,,,,,,,,,,,,,,,,,,,,,,,,,,,,,,,,,,,,,,,,,,,,,,,,,,,,,,,
13/05/2026,AC,8,,8.3,8.9,8.1,,,37,15,13,15,12,13.75,21.5,35.25,0.03998,12:57,13:07,,,,,,,,,,,,,,,,,,,,,,,,,,,,,,,,,,,,,,,,,,,,,,,,,,,,,,,,,,,,,,,,,,,,,,,,,,,,,,,,,
13/05/2026,AC,9,,7.9,8.6,8.45,,,44,16,19,17,10,15.5,21.5,37,0.04196,13:10,13:20,,,,,,,,,,,,,,,,,,,,,,,,,,,,,,,,,,,,,,,,,,,,,,,,,,,,,,,,,,,,,,,,,,,,,,,,,,,,,,,,,
13/05/2026,AC,10,,9,9.4,9.85,,,32,16.5,18,18,15,16.875,21.5,38.375,0.04352,13:23,13:33,,,,,,,,,,,,,,,,,,,,,,,,,,,,,,,,,,,,,,,,,,,,,,,,,,,,,,,,,,,,,,,,,,,,,,,,,,,,,,,,,
20/05/2026,WH,1,14,10.7,10,10.25,29.3,24.4,4.9,11.8,15.9,15,11.5,13.55,21.5,35.05,0.03975,11:26,11:36,,,,,,,,,,,,,,,,,,,,,,,,,,,,,,,,,,,,,,,,,,,,,,,,,,,,,,,,,,,,,,,,,,,,,,,,,,,,,,,,,
20/05/2026,WH,2,,9.8,11.8,9.9,29.9,22.3,7.6,14.4,13,10.9,9.1,11.85,21.5,33.35,0.03782,12:38,12:48,,,,,,,,,,,,,,,,,,,,,,,,,,,,,,,,,,,,,,,,,,,,,,,,,,,,,,,,,,,,,,,,,,,,,,,,,,,,,,,,,
20/05/2026,WH,3,,10,10,9.5,32.7,24,8.7,15,15.5,8.3,8.4,11.8,21.5,33.3,0.03777,11:38,11:48,,,,,Discard C3P as mistake made,,,,,,,,,,,,,,,,,,,,,,,,,,,,,,,,,,,,,,,,,,,,,,,,,,,,,,,,,,,,,,,,,,,,,,,,,,,,
20/05/2026,WH,4,,9,9.3,9.3,40.9,22.5,18.4,18,16,10.7,17.5,15.55,21.5,37.05,0.04202,11:51,12:01,,,,,,,,,,,,,,,,,,,,,,,,,,,,,,,,,,,,,,,,,,,,,,,,,,,,,,,,,,,,,,,,,,,,,,,,,,,,,,,,,
20/05/2026,WH,5,,9.6,9.7,9.75,26.8,20.5,6.3,18.4,11.8,11.6,15.5,14.325,21.5,35.825,0.04063,12:03,12:13,,,,,,,,,,,,,,,,,,,,,,,,,,,,,,,,,,,,,,,,,,,,,,,,,,,,,,,,,,,,,,,,,,,,,,,,,,,,,,,,,
20/05/2026,WH,6,,9.9,11.3,10.15,30.2,21.4,8.8,11.8,14.2,17,12.8,13.95,21.5,35.45,0.04020,12:15,12:26,,,,,,,,,,,,,,,,,,,,,,,,,,,,,,,,,,,,,,,,,,,,,,,,,,,,,,,,,,,,,,,,,,,,,,,,,,,,,,,,,
20/05/2026,WH,7,,10.4,9.9,10.5,35.8,25.5,10.3,11.3,16.6,14.5,16.4,14.7,21.5,36.2,0.04105,13:26,13:36,,,,,,,,,,,,,,,,,,,,,,,,,,,,,,,,,,,,,,,,,,,,,,,,,,,,,,,,,,,,,,,,,,,,,,,,,,,,,,,,,
20/05/2026,WH,8,,10.6,10.7,10.35,27.3,16.5,10.8,7.9,9.9,8,10.3,9.025,21.5,30.525,0.03462,13:38,13:48,,,,,,,,,,,,,,,,,,,,,,,,,,,,,,,,,,,,,,,,,,,,,,,,,,,,,,,,,,,,,,,,,,,,,,,,,,,,,,,,,
20/05/2026,WH,9,,10.1,9.7,10.25,26.3,20.5,5.8,9.6,9.9,11.4,16.3,11.8,21.5,33.3,0.03777,13:50,14:00,,,,,,,,,,,,,,,,,,,,,,,,,,,,,,,,,,,,,,,,,,,,,,,,,,,,,,,,,,,,,,,,,,,,,,,,,,,,,,,,,
20/05/2026,WH,10,,10.4,10.2,12.5,22.4,10.4,12,13.5,15.9,13,10.9,13.325,21.5,34.825,0.03950,14:03,14:13,,,,,,,,,,,,,,,,,,,,,,,,,,,,,,,,,,,,,,,,,,,,,,,,,,,,,,,,,,,,,,,,,,,,,,,,,,,,,,,,,
02/06/2026,AC,1,18.25,14.6,14,14.05,76.7,47,29.7,12,12,12.5,11,11.875,21.5,33.375,0.03785,13:10,13:20,,,,,,,,,,,,,,,,,,,,,,,,,,,,,,,,,,,,,,,,,,,,,,,,,,,,,,,,,,,,,,,,,,,,,,,,,,,,,,,,,
02/06/2026,AC,2,,13.5,12.9,14.45,100,59,41,14,15,15.5,14,14.625,21.5,36.125,0.04097,13:40,13:50,,,,,pH samples taken,,,,,,,,,,,,,,,,,,,,,,,,,,,,,,,,,,,,,,,,,,,,,,,,,,,,,,,,,,,,,,,,,,,,,,,,,,,,
02/06/2026,AC,3,,15.4,14.8,14.95,85,71,14,13,13,19,19,16,21.5,37.5,0.04253,13:56,14:06,,,,,,,,,,,,,,,,,,,,,,,,,,,,,,,,,,,,,,,,,,,,,,,,,,,,,,,,,,,,,,,,,,,,,,,,,,,,,,,,,
02/06/2026,AC,4,,14.5,14,14.65,88.1,58.8,29.3,13,13,15,14.5,13.875,21.5,35.375,0.04012,14:10,14:20,,,,,,,,,,,,,,,,,,,,,,,,,,,,,,,,,,,,,,,,,,,,,,,,,,,,,,,,,,,,,,,,,,,,,,,,,,,,,,,,,
02/06/2026,AC,5,,14.8,16.7,14.75,65,61.5,3.5,15,12,15,15,14.25,21.5,35.75,0.04054,14:24,14:34,,,,,,,,,,,,,,,,,,,,,,,,,,,,,,,,,,,,,,,,,,,,,,,,,,,,,,,,,,,,,,,,,,,,,,,,,,,,,,,,,
02/06/2026,AC,6,,14.7,17.5,15.7,70.3,49,21.3,12,12,13,12,12.25,21.5,33.75,0.03828,14:35,14:45,,,,,,,,,,,,,,,,,,,,,,,,,,,,,,,,,,,,,,,,,,,,,,,,,,,,,,,,,,,,,,,,,,,,,,,,,,,,,,,,,
02/06/2026,AC,7,,16.7,16,16.9,87,59,28,19,18,18.5,12,16.875,21.5,38.375,0.04352,14:50,15:00,,,,,,,,,,,,,,,,,,,,,,,,,,,,,,,,,,,,,,,,,,,,,,,,,,,,,,,,,,,,,,,,,,,,,,,,,,,,,,,,,
02/06/2026,AC,8,,17.1,17.5,15.95,100,60.5,39.5,20,17.5,13,14,16.125,21.5,37.625,0.04267,15:03,15:13,,,,,,,,,,,,,,,,,,,,,,,,,,,,,,,,,,,,,,,,,,,,,,,,,,,,,,,,,,,,,,,,,,,,,,,,,,,,,,,,,
02/06/2026,AC,9,,14.8,16.7,14.65,83,72,11,18,12,17.5,15,15.625,21.5,37.125,0.04210,15:15,15:25,,,,,,,,,,,,,,,,,,,,,,,,,,,,,,,,,,,,,,,,,,,,,,,,,,,,,,,,,,,,,,,,,,,,,,,,,,,,,,,,,
02/06/2026,AC,10,,14.5,14.4,13.25,78,49,29,12.5,13,15,11.5,13,21.5,34.5,0.03913,15:30,15:40,,,,,,,,,,,,,,,,,,,,,,,,,,,,,,,,,,,,,,,,,,,,,,,,,,,,,,,,,,,,,,,,,,,,,,,,,,,,,,,,,
10/06/2026,WH,1,14.95,12,13.7,13.6,30.8,23,7.8,11.8,15.9,15,11.5,13.55,21.5,35.05,0.03975,,,,,,,No LICOR. Had to rush for doctors so just H2. H2 run went on on 11/06/2026 in the morning.,,,,,,,,,,,,,,,,,,,,,,,,,,,,,,,,,,,,,,,,,,,,,,,,,,,,,,,,,,,,,,,,,,,,,,,,,,,,
10/06/2026,WH,2,,15.2,12,15.45,33,25.5,7.5,14.4,13,10.9,9.1,11.85,21.5,33.35,0.03782,,,,,,,,,,,,,,,,,,,,,,,,,,,,,,,,,,,,,,,,,,,,,,,,,,,,,,,,,,,,,,,,,,,,,,,,,,,,,,,,,,,
10/06/2026,WH,3,,15.7,13.8,13.1,36.5,27,9.5,15,15.5,8.3,8.4,11.8,21.5,33.3,0.03777,,,,,,,,,,,,,,,,,,,,,,,,,,,,,,,,,,,,,,,,,,,,,,,,,,,,,,,,,,,,,,,,,,,,,,,,,,,,,,,,,,,
10/06/2026,WH,4,,10.5,11,11.15,44.5,25,19.5,18,16,10.7,17.5,15.55,21.5,37.05,0.04202,,,,,,,,,,,,,,,,,,,,,,,,,,,,,,,,,,,,,,,,,,,,,,,,,,,,,,,,,,,,,,,,,,,,,,,,,,,,,,,,,,,
10/06/2026,WH,5,,11.8,11.1,11.1,28.8,22.5,6.3,18.4,11.8,11.6,15.5,14.325,21.5,35.825,0.04063,,,,,,,,,,,,,,,,,,,,,,,,,,,,,,,,,,,,,,,,,,,,,,,,,,,,,,,,,,,,,,,,,,,,,,,,,,,,,,,,,,,
10/06/2026,WH,6,,10.4,12.2,10.25,33,23,10,11.8,14.2,17,12.8,13.95,21.5,35.45,0.04020,,,,,,,,,,,,,,,,,,,,,,,,,,,,,,,,,,,,,,,,,,,,,,,,,,,,,,,,,,,,,,,,,,,,,,,,,,,,,,,,,,,
10/06/2026,WH,7,,10.1,10.8,11.3,36.2,30.5,5.7,11.3,16.6,14.5,16.4,14.7,21.5,36.2,0.04105,,,,,,,,,,,,,,,,,,,,,,,,,,,,,,,,,,,,,,,,,,,,,,,,,,,,,,,,,,,,,,,,,,,,,,,,,,,,,,,,,,,
10/06/2026,WH,8,,12.5,10.8,11.15,31,15,16,7.9,9.9,8,10.3,9.025,21.5,30.525,0.03462,,,,,,,,,,,,,,,,,,,,,,,,,,,,,,,,,,,,,,,,,,,,,,,,,,,,,,,,,,,,,,,,,,,,,,,,,,,,,,,,,,,
10/06/2026,WH,9,,9.8,10.1,10,29,20,9,9.6,9.9,11.4,16.3,11.8,21.5,33.3,0.03777,,,,,,,,,,,,,,,,,,,,,,,,,,,,,,,,,,,,,,,,,,,,,,,,,,,,,,,,,,,,,,,,,,,,,,,,,,,,,,,,,,,
10/06/2026,WH,10,,10.2,11.8,11.65,25,11,14,13.5,15.9,13,10.9,13.325,21.5,34.825,0.03950,,,,,,,,,,,,,,,,,,,,,,,,,,,,,,,,,,,,,,,,,,,,,,,,,,,,,,,,,,,,,,,,,,,,,,,,,,,,,,,,,,,
17/06/2026,AC,1,17.75,13.1,12.2,12.9,75,45,30,12,12,10,11.5,11.375,21.5,32.875,0.03728,11:33,11:41,,,,,,,,,,,,,,,,,,,,,,,,,,,,,,,,,,,,,,,,,,,,,,,,,,,,,,,,,,,,,,,,,,,,,,,,,,,,,,,,,
17/06/2026,AC,2,,12.7,12.8,12.8,100,58.5,41.5,14.5,15.5,14.5,15.5,15,21.5,36.5,0.04140,11:44,11:54,,,,,,,,,,,,,,,,,,,,,,,,,,,,,,,,,,,,,,,,,,,,,,,,,,,,,,,,,,,,,,,,,,,,,,,,,,,,,,,,,
17/06/2026,AC,3,,12.9,13.5,13.3,85.7,69.3,16.4,10,10,19,18,14.25,21.5,35.75,0.04054,11:57,12:05,,,,,,,,,,,,,,,,,,,,,,,,,,,,,,,,,,,,,,,,,,,,,,,,,,,,,,,,,,,,,,,,,,,,,,,,,,,,,,,,,
17/06/2026,AC,4,,13.7,13.1,13.35,88,58.6,29.4,15.5,14.7,13.5,14,14.425,21.5,35.925,0.04074,12:07,12:17,,,,,,,,,,,,,,,,,,,,,,,,,,,,,,,,,,,,,,,,,,,,,,,,,,,,,,,,,,,,,,,,,,,,,,,,,,,,,,,,,
17/06/2026,AC,5,,13,14.4,13.35,65,61,4,12,14.4,13.4,13.2,13.25,21.5,34.75,0.03941,12:20,12:30,,,,,,,,,,,,,,,,,,,,,,,,,,,,,,,,,,,,,,,,,,,,,,,,,,,,,,,,,,,,,,,,,,,,,,,,,,,,,,,,,
17/06/2026,AC,6,,13.7,12.8,14.1,67,49,18,12,13.5,12.5,15.2,13.3,21.5,34.8,0.03947,12:34,12:44,,,,,,,,,,,,,,,,,,,,,,,,,,,,,,,,,,,,,,,,,,,,,,,,,,,,,,,,,,,,,,,,,,,,,,,,,,,,,,,,,
17/06/2026,AC,7,,14.5,13.3,15.3,83.3,59,24.3,10.5,18,16.5,16.2,15.3,21.5,36.8,0.04174,12:46,12:56,,,,,,,,,,,,,,,,,,,,,,,,,,,,,,,,,,,,,,,,,,,,,,,,,,,,,,,,,,,,,,,,,,,,,,,,,,,,,,,,,
17/06/2026,AC,8,,16.1,14.5,15.65,95,60.5,34.5,12,20.5,17.2,14.5,16.05,21.5,37.55,0.04259,13:00,13:09,,,,,,,,,,,,,,,,,,,,,,,,,,,,,,,,,,,,,,,,,,,,,,,,,,,,,,,,,,,,,,,,,,,,,,,,,,,,,,,,,
17/06/2026,AC,9,,15.2,14.2,14.3,83.1,70,13.1,18,18,20,17.1,18.275,21.5,39.775,0.04511,13:11,13:21,,,,,,,,,,,,,,,,,,,,,,,,,,,,,,,,,,,,,,,,,,,,,,,,,,,,,,,,,,,,,,,,,,,,,,,,,,,,,,,,,
17/06/2026,AC,10,,13.4,14,14.9,76,43.5,32.5,14,12.5,11,11,12.125,21.5,33.625,0.03813,13:23,13:33,,,,,,,,,,,,,,,,,,,,,,,,,,,,,,,,,,,,,,,,,,,,,,,,,,,,,,,,,,,,,,,,,,,,,,,,,,,,,,,,,
23/06/2026,AC,1,26,16.4,16.5,17.25,61.3,45.5,15.8,14.6,13.5,11.2,12.4,12.925,21.5,34.425,0.03904,11:25,11:35,,,,,,,,,,,,,,,,,,,,,,,,,,,,,,,,,,,,,,,,,,,,,,,,,,,,,,,,,,,,,,,,,,,,,,,,,,,,,,,,,
23/06/2026,AC,2,,18.1,16,17.55,82,59,23,14.2,15.7,15.5,14.6,15,21.5,36.5,0.04140,11:38,11:48,,,,,,,,,,,,,,,,,,,,,,,,,,,,,,,,,,,,,,,,,,,,,,,,,,,,,,,,,,,,,,,,,,,,,,,,,,,,,,,,,
23/06/2026,AC,3,,17,18.9,17.45,83,69.1,13.9,15.6,17.6,19.8,12.6,16.4,21.5,37.9,0.04298,11:51,12:01,,,,,,,,,,,,,,,,,,,,,,,,,,,,,,,,,,,,,,,,,,,,,,,,,,,,,,,,,,,,,,,,,,,,,,,,,,,,,,,,,
23/06/2026,AC,4,,17.9,18.5,18.4,77.7,58,19.7,12.4,15.2,15,12.3,13.725,21.5,35.225,0.03995,12:04,12:14,,,,,,,,,,,,,,,,,,,,,,,,,,,,,,,,,,,,,,,,,,,,,,,,,,,,,,,,,,,,,,,,,,,,,,,,,,,,,,,,,
23/06/2026,AC,5,,18.9,15.3,18.8,65,60.6,4.4,12.1,13.3,14.1,16,13.875,21.5,35.375,0.04012,12:17,12:27,,,,,,,,,,,,,,,,,,,,,,,,,,,,,,,,,,,,,,,,,,,,,,,,,,,,,,,,,,,,,,,,,,,,,,,,,,,,,,,,,
23/06/2026,AC,6,,18.7,20.8,18.85,59.4,47.5,11.9,12.5,10,16,12.6,12.775,21.5,34.275,0.03887,12:29,12:39,,,,,,,,,,,,,,,,,,,,,,,,,,,,,,,,,,,,,,,,,,,,,,,,,,,,,,,,,,,,,,,,,,,,,,,,,,,,,,,,,
23/06/2026,AC,7,,19,17.7,18.1,74.3,59,15.3,19.9,16,9,15.4,15.075,21.5,36.575,0.04148,12:44,12:54,,,,,,,,,,,,,,,,,,,,,,,,,,,,,,,,,,,,,,,,,,,,,,,,,,,,,,,,,,,,,,,,,,,,,,,,,,,,,,,,,
23/06/2026,AC,8,,17.2,14.9,16.7,85.5,59.2,26.3,13.9,17.2,14.5,18.9,16.125,21.5,37.625,0.04267,12:59,13:09,,,,,,,,,,,,,,,,,,,,,,,,,,,,,,,,,,,,,,,,,,,,,,,,,,,,,,,,,,,,,,,,,,,,,,,,,,,,,,,,,
23/06/2026,AC,9,,16.2,18.5,16.8,83.2,70.2,13,17.5,12.1,17.7,17.4,16.175,21.5,37.675,0.04273,13:12,13:22,,,,,,,,,,,,,,,,,,,,,,,,,,,,,,,,,,,,,,,,,,,,,,,,,,,,,,,,,,,,,,,,,,,,,,,,,,,,,,,,,
23/06/2026,AC,10,,17.4,16.8,18.4,54,42.1,11.9,12.9,12.4,15.5,11.3,13.025,21.5,34.525,0.03916,13:25,13:35,,,,,,,,,,,,,,,,,,,,,,,,,,,,,,,,,,,,,,,,,,,,,,,,,,,,,,,,,,,,,,,,,,,,,,,,,,,,,,,,,
26/06/2026,WH,5,16.5,19.4,17.2,18.25,35.5,21.5,14,17.5,12,16,12.3,14.45,21.5,35.95,0.04077,14:02,14:12,,,,,Only 5 chambers due to thunder storm,,,,,,,,,,,,,,,,,,,,,,,,,,,,,,,,,,,,,,,,,,,,,,,,,,,,,,,,,,,,,,,,,,,,,,,,,,,,
26/06/2026,WH,6,,17.1,17.4,18.8,32.6,21.5,11.1,13.5,12.5,16.5,13,13.875,21.5,35.375,0.04012,13:51,14:01,,,,,,,,,,,,,,,,,,,,,,,,,,,,,,,,,,,,,,,,,,,,,,,,,,,,,,,,,,,,,,,,,,,,,,,,,,,,,,,,,
26/06/2026,WH,7,,20.5,15.9,19.35,,24,34.4,16,11,12,13.5,13.125,21.5,34.625,0.03927,13:20,13:30,,,,,,,,,,,,,,,,,,,,,,,,,,,,,,,,,,,,,,,,,,,,,,,,,,,,,,,,,,,,,,,,,,,,,,,,,,,,,,,,,
26/06/2026,WH,8,,18.2,17.3,16.9,31,17,14,17.5,9.5,9.5,10,11.625,21.5,33.125,0.03757,13:05,13:15,,,,,,,,,,,,,,,,,,,,,,,,,,,,,,,,,,,,,,,,,,,,,,,,,,,,,,,,,,,,,,,,,,,,,,,,,,,,,,,,,
26/06/2026,WH,9,,15.6,16,17.3,30.8,20.3,10.5,13.5,9,10,15,11.875,21.5,33.375,0.03785,12:50,13:00,,,,,,,,,,,,,,,,,,,,,,,,,,,,,,,,,,,,,,,,,,,,,,,,,,,,,,,,,,,,,,,,,,,,,,,,,,,,,,,,,
26/06/2026,WH,10,,19,19.6,16.75,20.3,9.5,10.8,12,14,13,17,14,21.5,35.5,0.04026,12:28,12:38,,,,,,,,,,,,,,,,,,,,,,,,,,,,,,,,,,,,,,,,,,,,,,,,,,,,,,,,,,,,,,,,,,,,,,,,,,,,,,,,,
29/06/2026,AC,1,20,14.5,13.9,14.75,74,45.5,28.5,14.7,13,13.4,15.5,14.15,21.5,35.65,0.04043,11:28,11:38,,,,,,,,,,,,,,,,,,,,,,,,,,,,,,,,,,,,,,,,,,,,,,,,,,,,,,,,,,,,,,,,,,,,,,,,,,,,,,,,,
29/06/2026,AC,2,,15,13.6,14.35,100,57,43,16.5,15.6,14.7,15.3,15.525,21.5,37.025,0.04199,11:44,11:54,,,,,,,,,,,,,,,,,,,,,,,,,,,,,,,,,,,,,,,,,,,,,,,,,,,,,,,,,,,,,,,,,,,,,,,,,,,,,,,,,
29/06/2026,AC,3,,13.7,14,14,85.1,69.5,15.6,17.9,20,19.8,20,19.425,21.5,40.925,0.04641,11:58,12:08,,,,,,,,,,,,,,,,,,,,,,,,,,,,,,,,,,,,,,,,,,,,,,,,,,,,,,,,,,,,,,,,,,,,,,,,,,,,,,,,,
29/06/2026,AC,4,,14.3,15,15.3,86.4,58.7,27.7,13.8,13.6,15,15.3,14.425,21.5,35.925,0.04074,12:12,12:22,,,,,,,,,,,,,,,,,,,,,,,,,,,,,,,,,,,,,,,,,,,,,,,,,,,,,,,,,,,,,,,,,,,,,,,,,,,,,,,,,
29/06/2026,AC,5,,16.3,13.6,15.75,64.5,61.5,3,14.6,15.8,15.5,15.3,15.3,21.5,36.8,0.04174,12:26,12:36,,,,,,,,,,,,,,,,,,,,,,,,,,,,,,,,,,,,,,,,,,,,,,,,,,,,,,,,,,,,,,,,,,,,,,,,,,,,,,,,,
29/06/2026,AC,6,,15.2,13.7,14.7,67.5,47.4,20.1,12.6,15,9.9,15.6,13.275,21.5,34.775,0.03944,12:41,12:51,,,,,,,,,,,,,,,,,,,,,,,,,,,,,,,,,,,,,,,,,,,,,,,,,,,,,,,,,,,,,,,,,,,,,,,,,,,,,,,,,
29/06/2026,AC,7,,14.2,15.2,14.25,82.2,59.5,22.7,19.1,19,12.5,16,16.65,21.5,38.15,0.04327,12:55,13:05,,,,,,,,,,,,,,,,,,,,,,,,,,,,,,,,,,,,,,,,,,,,,,,,,,,,,,,,,,,,,,,,,,,,,,,,,,,,,,,,,
29/06/2026,AC,8,,14.3,13.6,14.55,100,60.2,39.8,10.8,17.4,14.4,19.2,15.45,21.5,36.95,0.04191,13:08,13:18,,,,,,,,,,,,,,,,,,,,,,,,,,,,,,,,,,,,,,,,,,,,,,,,,,,,,,,,,,,,,,,,,,,,,,,,,,,,,,,,,
29/06/2026,AC,9,,14.8,15.3,14.45,83.1,70.7,12.4,18,17.7,18,17.1,17.7,21.5,39.2,0.04446,13:21,13:31,,,,,,,,,,,,,,,,,,,,,,,,,,,,,,,,,,,,,,,,,,,,,,,,,,,,,,,,,,,,,,,,,,,,,,,,,,,,,,,,,
29/06/2026,AC,10,,14.1,15.1,14.85,75.4,42.6,32.8,13.8,14.4,12.9,14.6,13.925,21.5,35.425,0.04018,13:49,13:59,,,,,,,,,,,,,,,,,,,,,,,,,,,,,,,,,,,,,,,,,,,,,,,,,,,,,,,,,,,,,,,,,,,,,,,,,,,,,,,,,
02/07/2026,WH,1,18.8,15.6,14.6,15.1,37.2,26,11.2,17,10,12,16.5,13.875,21.5,35.375,0.04012,10:22,10:32,,,,,,,,,,,,,,,,,,,,,,,,,,,,,,,,,,,,,,,,,,,,,,,,,,,,,,,,,,,,,,,,,,,,,,,,,,,,,,,,,
02/07/2026,WH,2,,14.6,13.7,13.9,34.4,23.5,10.9,14,9,10,12,11.25,21.5,32.75,0.03714,10:39,10:49,,,,,,,,,,,,,,,,,,,,,,,,,,,,,,,,,,,,,,,,,,,,,,,,,,,,,,,,,,,,,,,,,,,,,,,,,,,,,,,,,
02/07/2026,WH,3,,13.2,13.8,13.1,38.2,24.2,14,11.5,15,9,7.5,10.75,21.5,32.25,0.03658,10:50,11:00,,,,,,,,,,,,,,,,,,,,,,,,,,,,,,,,,,,,,,,,,,,,,,,,,,,,,,,,,,,,,,,,,,,,,,,,,,,,,,,,,
02/07/2026,WH,4,,13,12.2,13.45,46,23,23,15,18,9.5,17,14.875,21.5,36.375,0.04125,11:02,11:12,,,,,,,,,,,,,,,,,,,,,,,,,,,,,,,,,,,,,,,,,,,,,,,,,,,,,,,,,,,,,,,,,,,,,,,,,,,,,,,,,
02/07/2026,WH,5,,13.9,14.5,13.4,35.7,21,14.7,17.5,12,16,12.3,14.45,21.5,35.95,0.04077,11:30,11:40,,,,,,,,,,,,,,,,,,,,,,,,,,,,,,,,,,,,,,,,,,,,,,,,,,,,,,,,,,,,,,,,,,,,,,,,,,,,,,,,,
02/07/2026,WH,6,,12.9,13.6,13.1,34.4,23,11.4,13.5,12.5,16.5,13,13.875,21.5,35.375,0.04012,12:02,12:12,,,,,,,,,,,,,,,,,,,,,,,,,,,,,,,,,,,,,,,,,,,,,,,,,,,,,,,,,,,,,,,,,,,,,,,,,,,,,,,,,
02/07/2026,WH,7,,13.3,13.1,13.55,39.5,28,11.5,16,11,12,13.5,13.125,21.5,34.625,0.03927,12:16,12:26,,,,,,,,,,,,,,,,,,,,,,,,,,,,,,,,,,,,,,,,,,,,,,,,,,,,,,,,,,,,,,,,,,,,,,,,,,,,,,,,,
02/07/2026,WH,8,,13.8,13.9,13.5,35.7,16.5,19.2,17.5,9.5,9.5,10,11.625,21.5,33.125,0.03757,12:30,12:40,,,,,,,,,,,,,,,,,,,,,,,,,,,,,,,,,,,,,,,,,,,,,,,,,,,,,,,,,,,,,,,,,,,,,,,,,,,,,,,,,
02/07/2026,WH,9,,13.2,12.7,13.65,30.9,22,8.9,13.5,9,10,15,11.875,21.5,33.375,0.03785,12:42,12:52,,,,,,,,,,,,,,,,,,,,,,,,,,,,,,,,,,,,,,,,,,,,,,,,,,,,,,,,,,,,,,,,,,,,,,,,,,,,,,,,,
02/07/2026,WH,10,,14.1,14.1,14.1,22,10.5,11.5,12,14,13,17,14,21.5,35.5,0.04026,13:05,13:15,,,,,,,,,,,,,,,,,,,,,,,,,,,,,,,,,,,,,,,,,,,,,,,,,,,,,,,,,,,,,,,,,,,,,,,,,,,,,,,,,
23/07/2026,AC,1,,,,,,,,,,,,,,,,,,,,,,,,,,,,,,,,,,,,,,,,,,,,,,,,,,,,,,,,,,,,,,,,,,,,,,,,,,,,,,,,,,,,,,,,,,,,,,,,,,
23/03/2026,AC,2,,,,,,,,,,,,,,,,,,,,,,,,,,,,,,,,,,,,,,,,,,,,,,,,,,,,,,,,,,,,,,,,,,,,,,,,,,,,,,,,,,,,,,,,,,,,,,,,,,
23/03/2026,AC,3,,,,,,,,,,,,,,,,,,,,,,,,,,,,,,,,,,,,,,,,,,,,,,,,,,,,,,,,,,,,,,,,,,,,,,,,,,,,,,,,,,,,,,,,,,,,,,,,,,
23/03/2026,AC,4,,,,,,,,,,,,,,,,,,,,,,,,,,,,,,,,,,,,,,,,,,,,,,,,,,,,,,,,,,,,,,,,,,,,,,,,,,,,,,,,,,,,,,,,,,,,,,,,,,
23/03/2026,AC,5,,,,,,,,,,,,,,,,,,,,,,,,,,,,,,,,,,,,,,,,,,,,,,,,,,,,,,,,,,,,,,,,,,,,,,,,,,,,,,,,,,,,,,,,,,,,,,,,,,
23/03/2026,AC,6,,,,,,,,,,,,,,,,,,,,,,,,,,,,,,,,,,,,,,,,,,,,,,,,,,,,,,,,,,,,,,,,,,,,,,,,,,,,,,,,,,,,,,,,,,,,,,,,,,
23/03/2026,AC,7,,,,,,,,,,,,,,,,,,,,,,,,,,,,,,,,,,,,,,,,,,,,,,,,,,,,,,,,,,,,,,,,,,,,,,,,,,,,,,,,,,,,,,,,,,,,,,,,,,
23/03/2026,AC,8,,,,,,,,,,,,,,,,,,,,,,,,,,,,,,,,,,,,,,,,,,,,,,,,,,,,,,,,,,,,,,,,,,,,,,,,,,,,,,,,,,,,,,,,,,,,,,,,,,
23/03/2026,AC,9,,,,,,,,,,,,,,,,,,,,,,,,,,,,,,,,,,,,,,,,,,,,,,,,,,,,,,,,,,,,,,,,,,,,,,,,,,,,,,,,,,,,,,,,,,,,,,,,,,
23/03/2026,AC,10,,,,,,,,,,,,,,,,,,,,,,,,,,,,,,,,,,,,,,,,,,,,,,,,,,,,,,,,,,,,,,,,,,,,,,,,,,,,,,,,,,,,,,,,,,,,,,,,,,
