Type,Date,Site,Chamber,H2_Flux,H2_Min,H2_Max
Field,04/09/2025,AC,1,-11.67,-23.18,-0.168
Field,04/09/2025,AC,10,-24.25,-44.03,-4.467
Field,04/09/2025,AC,2,-9.477,-11.35,-7.608
Field,04/09/2025,AC,3,-50.48,-64.31,-36.66
Field,04/09/2025,AC,4,-25.99,-39.93,-12.06
Field,04/09/2025,AC,5,-32.28,-42.45,-22.11
Field,04/09/2025,AC,6,-9.876,-11.52,-8.231
Field,04/09/2025,AC,7,-25.61,-36.93,-14.3
Field,04/09/2025,AC,8,-35.46,-54.41,-16.51
Field,04/09/2025,AC,9,-17.83,-23.54,-12.12
Field,10/09/2025,AC,1,-16.56,-20.61,-12.51
Field,10/09/2025,AC,10,-28.26,-40.86,-15.65
Field,10/09/2025,AC,2,-12.67,-14.55,-10.79
Field,10/09/2025,AC,3,-17.07,-20.96,-13.19
Field,10/09/2025,AC,4,-12.57,-13.37,-11.77
Field,10/09/2025,AC,5,-11.8,-14.62,-8.99
Field,10/09/2025,AC,6,-10.69,-14.21,-7.176
Field,10/09/2025,AC,7,-40.58,-76.49,-4.668
Field,10/09/2025,AC,8,-33.71,-53.92,-13.51
Field,10/09/2025,AC,9,-13.79,-21.73,-5.859
Field,17/09/2025,AC,1,-13.71,-16.27,-11.15
Field,17/09/2025,AC,10,-24.16,-40.15,-8.178
Field,17/09/2025,AC,2,-9.414,-12.76,-6.072
Field,17/09/2025,AC,4,-19.82,-37.89,-1.751
Field,17/09/2025,AC,5,-5.101,-9.686,-0.5157
Field,17/09/2025,AC,6,-10.56,-13.92,-7.192
Field,17/09/2025,AC,7,-18.28,-34.2,-2.368
Field,17/09/2025,AC,8,-23.15,-40.37,-5.942
Field,17/09/2025,AC,9,-12.61,-23.14,-2.077
Field,23/09/2025,AC,1,-13.66,-21.56,-5.751
Field,23/09/2025,AC,10,-15.36,-17.51,-13.2
Field,23/09/2025,AC,2,-26.29,-37.96,-14.62
Field,23/09/2025,AC,3,-37.44,-47.37,-27.52
Field,23/09/2025,AC,4,-42.69,-74.27,-11.11
Field,23/09/2025,AC,5,-11.84,-13.18,-10.5
Field,23/09/2025,AC,6,-13.51,-16.69,-10.33
Field,23/09/2025,AC,7,-33.77,-63.97,-3.562
Field,23/09/2025,AC,8,-21.39,-35.52,-7.271
Field,23/09/2025,AC,9,-15.13,-23.44,-6.814
Field,01/10/2025,AC,1,-14.59,-16.93,-12.25
Field,01/10/2025,AC,10,-14.79,-17.53,-12.06
Field,01/10/2025,AC,2,-20.67,-40.03,-1.316
Field,01/10/2025,AC,3,-16.09,-20.56,-11.63
Field,01/10/2025,AC,4,-19.74,-32.05,-7.436
Field,01/10/2025,AC,5,-22.76,-36.06,-9.453
Field,01/10/2025,AC,6,-16.18,-22.47,-9.891
Field,01/10/2025,AC,7,-18.39,-22.21,-14.56
Field,01/10/2025,AC,8,-27.94,-34.18,-21.7
Field,01/10/2025,AC,9,-16.53,-23.15,-9.919
Field,06/11/2025,AC,1,-28.33,-46.72,-9.936
Field,06/11/2025,AC,10,-12.99,-17.84,-8.139
Field,06/11/2025,AC,2,-1.667,-2.624,-0.7104
Field,06/11/2025,AC,3,-13.82,-16.71,-10.93
Field,06/11/2025,AC,4,-8.097,-11.05,-5.14
Field,06/11/2025,AC,5,-13.21,-14.71,-11.71
Field,06/11/2025,AC,6,-8.751,-10.83,-6.668
Field,06/11/2025,AC,7,-13.63,-17.57,-9.677
Field,06/11/2025,AC,8,-12.51,-13.46,-11.57
Field,06/11/2025,AC,9,-16.61,-19.7,-13.53
Field,10/12/2025,AC,1,-31.17,-59.71,-2.631
Field,10/12/2025,AC,10,-18.61,-33.46,-3.75
Field,10/12/2025,AC,2,-1.751,-3.875,0.372
Field,10/12/2025,AC,3,-42.43,-54.53,-30.33
Field,10/12/2025,AC,4,2.171,-0.6244,4.967
Field,10/12/2025,AC,5,-12.46,-20.7,-4.228
Field,10/12/2025,AC,6,-9.906,-18.97,-0.8454
Field,10/12/2025,AC,7,-20.58,-36.52,-4.632
Field,10/12/2025,AC,8,-12.79,-14.64,-10.95
Field,10/12/2025,AC,9,-32.08,-65.47,1.305
Field,13/01/2026,AC,1,-35.15,-53.5,-16.79
Field,13/01/2026,AC,10,-11.01,-13.91,-8.113
Field,13/01/2026,AC,2,-0.7581,-6.051,4.535
Field,13/01/2026,AC,3,-13.66,-21.29,-6.024
Field,13/01/2026,AC,4,-2.347,-5.941,1.248
Field,13/01/2026,AC,5,-9.059,-10.14,-7.979
Field,13/01/2026,AC,6,-11.86,-13.58,-10.15
Field,13/01/2026,AC,7,-12.67,-14.54,-10.79
Field,13/01/2026,AC,8,-25.07,-40.56,-9.584
Field,13/01/2026,AC,9,-12.92,-14.84,-11.01
Field,17/02/2026,AC,1,-19.16,-29.38,-8.935
Field,17/02/2026,AC,10,-11.37,-12.54,-10.2
Field,17/02/2026,AC,2,-0.6246,-1.44,0.191
Field,17/02/2026,AC,3,-15.24,-18.1,-12.37
Field,17/02/2026,AC,4,-0.3483,-2.013,1.317
Field,17/02/2026,AC,5,-13.28,-26.95,0.3888
Field,17/02/2026,AC,6,-9.248,-11.98,-6.521
Field,17/02/2026,AC,7,-12.78,-13.76,-11.79
Field,17/02/2026,AC,8,-18.96,-25.95,-11.97
Field,17/02/2026,AC,9,-24.04,-37.31,-10.78
Field,18/03/2026,AC,1,-37.33,-44.87,-29.8
Field,18/03/2026,AC,10,-25.37,-39.59,-11.14
Field,18/03/2026,AC,3,-20.23,-25.27,-15.19
Field,18/03/2026,AC,4,-0.2259,-1.637,1.186
Field,18/03/2026,AC,5,-20.05,-29.78,-10.33
Field,18/03/2026,AC,6,-21.64,-25.53,-17.74
Field,18/03/2026,AC,7,-35.07,-52.27,-17.86
Field,18/03/2026,AC,8,-38.32,-58.16,-18.48
Field,18/03/2026,AC,9,-61.15,-91.82,-30.47
Field,09/04/2026,AC,1,-13.44,-19.4,-7.47
Field,09/04/2026,AC,10,-21.34,-26.24,-16.45
Field,09/04/2026,AC,2,0.6087,-2.562,3.78
Field,09/04/2026,AC,3,-14.94,-26.75,-3.12
Field,09/04/2026,AC,4,-0.2849,-2.871,2.301
Field,09/04/2026,AC,5,42.68,-47.49,132.9
Field,09/04/2026,AC,6,-14.2,-16.78,-11.63
Field,09/04/2026,AC,7,-27.9,-45.49,-10.3
Field,09/04/2026,AC,8,-18.42,-22.57,-14.27
Field,09/04/2026,AC,9,-35.79,-49.31,-22.27
Field,13/05/2026,AC,1,-27.01,-30.93,-23.09
Field,13/05/2026,AC,10,-35.52,-50.62,-20.42
Field,13/05/2026,AC,2,-8.457,-12.37,-4.546
Field,13/05/2026,AC,3,-13.71,-17.06,-10.35
Field,13/05/2026,AC,4,-3.788,-6.373,-1.203
Field,13/05/2026,AC,5,-24.25,-33.16,-15.34
Field,13/05/2026,AC,6,-24.78,-37.87,-11.69
Field,13/05/2026,AC,7,-33.04,-39.62,-26.47
Field,13/05/2026,AC,8,-18.88,-23.51,-14.25
Field,13/05/2026,AC,9,-43.24,-57.5,-28.97
Field,02/06/2026,AC,1,-16.7,-23.83,-9.571
Field,02/06/2026,AC,10,-18.72,-23.9,-13.54
Field,02/06/2026,AC,2,-3.005,-4.295,-1.715
Field,02/06/2026,AC,3,-28.09,-33.66,-22.52
Field,02/06/2026,AC,4,-4.912,-9.118,-0.7062
Field,02/06/2026,AC,5,-8.984,-9.384,-8.584
Field,02/06/2026,AC,6,-8.777,-11.28,-6.273
Field,02/06/2026,AC,7,-10.9,-11.91,-9.883
Field,02/06/2026,AC,8,-21.15,-28.47,-13.83
Field,02/06/2026,AC,9,-17.44,-22.35,-12.52
Field,17/06/2026,AC,1,-15.8,-19.63,-11.97
Field,17/06/2026,AC,10,-15.91,-25.06,-6.767
Field,17/06/2026,AC,2,-1.836,-4.287,0.6141
Field,17/06/2026,AC,3,-40.93,-58.85,-23.01
Field,17/06/2026,AC,4,-6.578,-9.983,-3.174
Field,17/06/2026,AC,5,-29.83,-36.16,-23.5
Field,17/06/2026,AC,6,-27.5,-49.36,-5.644
Field,17/06/2026,AC,7,-16.08,-20.13,-12.03
Field,17/06/2026,AC,8,-10.47,-15.78,-5.15
Field,17/06/2026,AC,9,-12.46,-16.92,-8.007
Field,23/06/2026,AC,1,-29.63,-46.03,-13.24
Field,23/06/2026,AC,10,-23.42,-28.98,-17.87
Field,23/06/2026,AC,2,-1.897,-6.315,2.522
Field,23/06/2026,AC,3,-28.53,-40.6,-16.46
Field,23/06/2026,AC,4,-2.268,-4.119,-0.4163
Field,23/06/2026,AC,5,-21.83,-31.02,-12.64
Field,23/06/2026,AC,6,-10.21,-12.39,-8.029
Field,23/06/2026,AC,7,-28.79,-37.71,-19.87
Field,23/06/2026,AC,8,-26.92,-39.79,-14.05
Field,23/06/2026,AC,9,-9.554,-15.58,-3.53
Field,28/08/2025,WH,1,-11.21,-13.81,-8.606
Field,28/08/2025,WH,2,-23.99,-39.94,-8.027
Field,28/08/2025,WH,3,-8.953,-17.58,-0.3215
Field,28/08/2025,WH,4,-40.53,-108.4,27.3
Field,28/08/2025,WH,5,-12.92,-23.25,-2.598
Field,28/08/2025,WH,6,-15.3,-44.3,13.7
Field,28/08/2025,WH,7,-19.53,-25.79,-13.27
Field,02/09/2025,WH,1,-45.73,-66.62,-24.84
Field,02/09/2025,WH,10,-2.351,-12.38,7.68
Field,02/09/2025,WH,2,-40.58,-78.72,-2.43
Field,02/09/2025,WH,3,-47.75,-108.7,13.22
Field,02/09/2025,WH,4,-63.01,-112.6,-13.46
Field,02/09/2025,WH,5,-17.88,-23,-12.75
Field,02/09/2025,WH,6,-17.96,-22.05,-13.87
Field,02/09/2025,WH,7,-9.91,-16.17,-3.652
Field,02/09/2025,WH,8,31.66,-51.62,114.9
Field,02/09/2025,WH,9,-14.82,-22.89,-6.75
Field,11/09/2025,WH,1,-46.1,-84.19,-8.009
Field,11/09/2025,WH,10,-1.518,-5.638,2.602
Field,11/09/2025,WH,2,-25.8,-33.62,-17.98
Field,11/09/2025,WH,3,-39.78,-66.98,-12.58
Field,11/09/2025,WH,4,-19.42,-24.11,-14.73
Field,11/09/2025,WH,5,-10.56,-13.58,-7.535
Field,11/09/2025,WH,6,-10.01,-13.62,-6.407
Field,11/09/2025,WH,7,-5.437,-7.488,-3.385
Field,11/09/2025,WH,8,-7.832,-11.96,-3.705
Field,11/09/2025,WH,9,-9.253,-13.83,-4.678
Field,18/09/2025,WH,1,-20.75,-31.88,-9.629
Field,18/09/2025,WH,10,-7.403,-16.99,2.18
Field,18/09/2025,WH,2,-9.351,-14.47,-4.231
Field,18/09/2025,WH,3,-12.59,-18.35,-6.824
Field,18/09/2025,WH,4,-54.61,-82.27,-26.94
Field,18/09/2025,WH,5,-22.01,-41.09,-2.93
Field,18/09/2025,WH,6,-14,-19.37,-8.628
Field,18/09/2025,WH,7,-9.611,-12.56,-6.659
Field,18/09/2025,WH,8,-15.12,-18.04,-12.21
Field,18/09/2025,WH,9,-7.683,-10.13,-5.238
Field,24/09/2025,WH,1,-55.87,-71.69,-40.06
Field,24/09/2025,WH,10,-3.33,-4.131,-2.53
Field,24/09/2025,WH,2,-21.09,-26.97,-15.22
Field,24/09/2025,WH,3,-34.08,-43.95,-24.21
Field,24/09/2025,WH,4,-64.53,-87,-42.06
Field,24/09/2025,WH,5,-29.48,-35.72,-23.24
Field,24/09/2025,WH,6,-26.93,-31.2,-22.65
Field,24/09/2025,WH,7,-16.1,-20.62,-11.59
Field,24/09/2025,WH,8,-24.38,-32.48,-16.29
Field,24/09/2025,WH,9,-28.42,-34.44,-22.4
Field,02/10/2025,WH,1,-37.46,-65.37,-9.559
Field,02/10/2025,WH,10,-0.2002,-0.734,0.3335
Field,02/10/2025,WH,2,-0.7941,-2.647,1.059
Field,02/10/2025,WH,3,9.385,-16.4,35.17
Field,02/10/2025,WH,4,-16.85,-19.79,-13.92
Field,02/10/2025,WH,5,-17.84,-25.01,-10.66
Field,02/10/2025,WH,6,-2.488,-5.479,0.502
Field,02/10/2025,WH,7,-2.196,-3.309,-1.082
Field,02/10/2025,WH,8,-19.76,-31.43,-8.087
Field,02/10/2025,WH,9,-8.005,-12.8,-3.206
Field,23/10/2025,WH,1,-12.37,-15.02,-9.726
Field,23/10/2025,WH,10,0.2495,-0.7175,1.217
Field,23/10/2025,WH,2,-7.744,-11.8,-3.685
Field,23/10/2025,WH,3,-21.44,-27.76,-15.12
Field,23/10/2025,WH,4,-25.13,-27.99,-22.28
Field,23/10/2025,WH,5,-10.69,-12.94,-8.432
Field,23/10/2025,WH,6,-6.503,-9.032,-3.975
Field,23/10/2025,WH,7,-4.196,-5.456,-2.935
Field,23/10/2025,WH,8,-6.189,-7.978,-4.4
Field,23/10/2025,WH,9,-4.834,-6.713,-2.956
Field,11/12/2025,WH,1,-35.22,-54.53,-15.92
Field,11/12/2025,WH,10,0.3493,-2.588,3.287
Field,11/12/2025,WH,2,-6.837,-13.43,-0.2453
Field,11/12/2025,WH,3,-2.981,-6.154,0.1913
Field,11/12/2025,WH,4,-18.94,-28.79,-9.08
Field,11/12/2025,WH,5,-20.53,-29.77,-11.28
Field,11/12/2025,WH,7,-4.063,-5.987,-2.138
Field,11/12/2025,WH,8,-16.55,-23.54,-9.559
Field,11/12/2025,WH,9,-27.53,-31.34,-23.72
Field,16/12/2025,WH,1,-33.64,-37.96,-29.33
Field,16/12/2025,WH,10,52.32,40.5,64.14
Field,16/12/2025,WH,2,0.5195,-0.8431,1.882
Field,16/12/2025,WH,3,-3.857,-5.846,-1.868
Field,16/12/2025,WH,4,-30.27,-49.07,-11.47
Field,16/12/2025,WH,5,-7.626,-10.57,-4.68
Field,16/12/2025,WH,7,9.237,-20.3,38.78
Field,16/12/2025,WH,8,-0.1959,-6.285,5.893
Field,16/12/2025,WH,9,0.128,-1.226,1.482
Field,15/01/2026,WH,1,-39.01,-68.07,-9.955
Field,15/01/2026,WH,10,-0.2033,-0.7454,0.3387
Field,15/01/2026,WH,2,-0.7852,-2.617,1.047
Field,15/01/2026,WH,3,-7.358,-12.9,-1.816
Field,15/01/2026,WH,4,-18.24,-21.42,-15.06
Field,15/01/2026,WH,5,-18.58,-26.06,-11.11
Field,15/01/2026,WH,6,-2.666,-5.869,0.5378
Field,15/01/2026,WH,7,-2.356,-3.55,-1.161
Field,15/01/2026,WH,8,-19.68,-31.3,-8.055
Field,15/01/2026,WH,9,-7.957,-12.73,-3.187
Field,25/02/2026,WH,1,-53.61,-60.64,-46.58
Field,25/02/2026,WH,10,-1.485,-3.136,0.1652
Field,25/02/2026,WH,3,-27.87,-51.63,-4.109
Field,25/02/2026,WH,4,-86.14,-124.4,-47.92
Field,25/02/2026,WH,5,-25.32,-36.4,-14.24
Field,25/02/2026,WH,6,-0.3406,-1.661,0.9796
Field,25/02/2026,WH,7,-3.675,-6.47,-0.8802
Field,25/02/2026,WH,8,-11.54,-15.98,-7.112
Field,25/02/2026,WH,9,-16.56,-30.21,-2.901
Field,25/03/2026,WH,1,-45.07,-51.8,-38.33
Field,25/03/2026,WH,10,-0.3662,-1.806,1.074
Field,25/03/2026,WH,2,-3.095,-4.912,-1.277
Field,25/03/2026,WH,3,-10.26,-11.82,-8.702
Field,25/03/2026,WH,4,-42.76,-49.02,-36.49
Field,25/03/2026,WH,5,-25.27,-30.95,-19.58
Field,25/03/2026,WH,6,-5.275,-9.851,-0.6982
Field,25/03/2026,WH,7,-5.86,-9.268,-2.451
Field,25/03/2026,WH,8,-17.85,-32.66,-3.042
Field,25/03/2026,WH,9,-19.71,-20.75,-18.66
Field,20/04/2026,WH,1,-63.2,-105.4,-20.99
Field,20/04/2026,WH,10,0.2236,-1.841,2.288
Field,20/04/2026,WH,2,-0.9044,-1.673,-0.1357
Field,20/04/2026,WH,3,-16.74,-19.82,-13.65
Field,20/04/2026,WH,4,-53.21,-86.53,-19.89
Field,20/04/2026,WH,5,-21.2,-32.41,-9.984
Field,20/04/2026,WH,6,-6.482,-12.64,-0.3274
Field,20/04/2026,WH,7,-4.782,-5.3,-4.263
Field,20/04/2026,WH,8,-26.53,-54.59,1.531
Field,20/04/2026,WH,9,-20.69,-40.31,-1.081
Field,12/05/2026,WH,1,-53.4,-98.51,-8.296
Field,12/05/2026,WH,2,-2.733,-4.467,-0.9986
Field,12/05/2026,WH,3,-24.2,-31.21,-17.18
Field,12/05/2026,WH,4,-58.36,-78.74,-37.97
Field,12/05/2026,WH,5,-32.05,-45.1,-19.01
Field,20/05/2026,WH,1,-18.86,-22.88,-14.84
Field,20/05/2026,WH,10,-2.554,-6.41,1.303
Field,20/05/2026,WH,2,-1.387,-3.284,0.5093
Field,20/05/2026,WH,3,-3.742,-16.64,9.156
Field,20/05/2026,WH,4,-13.3,-14.86,-11.75
Field,20/05/2026,WH,5,-12.74,-14.81,-10.67
Field,20/05/2026,WH,6,-3.826,-5.96,-1.691
Field,20/05/2026,WH,7,-4.186,-6.249,-2.123
Field,20/05/2026,WH,8,-13.61,-16.47,-10.75
Field,20/05/2026,WH,9,-19.7,-36.13,-3.266
Field,10/06/2026,WH,1,-37.32,-62.06,-12.57
Field,10/06/2026,WH,10,0.4485,-3.243,4.14
Field,10/06/2026,WH,2,-4.504,-7.01,-1.998
Field,10/06/2026,WH,3,-11.77,-15.83,-7.704
Field,10/06/2026,WH,4,-34.47,-50.43,-18.51
Field,10/06/2026,WH,5,-23.22,-29.7,-16.75
Field,10/06/2026,WH,6,-2.744,-4.522,-0.9654
Field,10/06/2026,WH,7,-0.5098,-4.34,3.32
Field,10/06/2026,WH,8,-6.615,-13.93,0.7042
Field,10/06/2026,WH,9,-11.38,-17.84,-4.926
Lab,12/02/2026,AC,1,0.003657,-0.01863,0.02594
Lab,12/02/2026,AC,2,-0.01799,-0.05842,0.02244
Lab,12/02/2026,AC,3,0.0006353,-0.02316,0.02443
Lab,12/02/2026,WH,1,-0.4845,-1.319,0.3498
Lab,12/02/2026,WH,2,0.006438,-0.05679,0.06967
Lab,12/02/2026,WH,3,-0.03183,-0.09643,0.03277
Lab,17/02/2026,AC,1,0.003597,-0.01832,0.02552
Lab,17/02/2026,AC,2,-0.01799,-0.05842,0.02244
Lab,17/02/2026,AC,3,0.0006353,-0.02316,0.02443
Lab,17/02/2026,WH,1,-0.4845,-1.319,0.3498
Lab,17/02/2026,WH,2,0.006444,-0.05684,0.06973
Lab,17/02/2026,WH,3,-0.03177,-0.09625,0.0327
Lab,20/02/2026,AC,1,0.1359,-0.04445,0.3162
Lab,20/02/2026,AC,2,-0.1025,-0.2236,0.0185
Lab,20/02/2026,AC,3,-0.0004036,-0.07142,0.07062
Lab,20/02/2026,WH,1,0.07635,-0.1409,0.2936
Lab,20/02/2026,WH,2,0.08439,0.03531,0.1335
Lab,20/02/2026,WH,3,0.03925,-0.06004,0.1385
Lab,25/02/2026,AC,1,0.01784,0.007286,0.02839
Lab,25/02/2026,AC,2,-0.05924,-0.1345,0.01607
Lab,25/02/2026,AC,3,0.007745,-0.03998,0.05547
Lab,25/02/2026,WH,1,-0.02586,-0.08909,0.03737
Lab,25/02/2026,WH,2,-0.005103,-0.03626,0.02606
Lab,25/02/2026,WH,3,0.01129,-0.05188,0.07445
Lab,04/03/2026,AC,1,-0.02871,-0.1945,0.1371
Lab,04/03/2026,AC,2,-0.1849,-0.3216,-0.04809
Lab,04/03/2026,AC,3,-0.1569,-0.3356,0.02188
Lab,04/03/2026,WH,1,-0.06954,-0.2142,0.07507
Lab,04/03/2026,WH,2,-0.05836,-0.2149,0.09819
Lab,04/03/2026,WH,3,-0.0166,-0.09971,0.06651
Lab,10/03/2026,AC,1,-0.1519,-0.3864,0.08257
Lab,10/03/2026,AC,2,-0.1144,-0.1877,-0.04118
Lab,10/03/2026,AC,3,-0.01325,-0.2623,0.2358
Lab,10/03/2026,WH,1,0.0857,-0.03667,0.2081
Lab,10/03/2026,WH,2,0.1376,0.07762,0.1976
Lab,10/03/2026,WH,3,-0.02559,-0.08635,0.03517
Lab,12/03/2026,AC,1,-0.1349,-0.2112,-0.05859
Lab,12/03/2026,AC,2,-0.1615,-0.2439,-0.079
Lab,12/03/2026,AC,3,-0.03473,-0.07813,0.008665
Lab,12/03/2026,WH,1,0.003157,-0.04084,0.04716
Lab,12/03/2026,WH,2,-0.002628,-0.07443,0.06918
Lab,12/03/2026,WH,3,0.06867,-0.01165,0.149
Lab,17/03/2026,AC,1,-0.1043,-0.2117,0.003167
Lab,17/03/2026,AC,2,-0.2535,-0.33,-0.1769
Lab,17/03/2026,AC,3,-0.109,-0.2065,-0.01154
Lab,17/03/2026,WH,1,-0.02264,-0.09174,0.04645
Lab,17/03/2026,WH,2,-0.001364,-0.06169,0.05896
Lab,17/03/2026,WH,3,-0.03731,-0.1264,0.05179
Lab,19/03/2026,AC,1,-0.2333,-0.3237,-0.143
Lab,19/03/2026,AC,2,-0.253,-0.3877,-0.1183
Lab,19/03/2026,AC,3,-0.6014,-0.8303,-0.3726
Lab,19/03/2026,WH,1,-0.0702,-0.17,0.02965
Lab,19/03/2026,WH,2,-0.01843,-0.08589,0.04902
Lab,19/03/2026,WH,3,-0.0296,-0.04784,-0.01136
Lab,24/03/2026,AC,1,-0.4433,-0.586,-0.3007
Lab,24/03/2026,AC,2,-0.5205,-0.5911,-0.4498
Lab,24/03/2026,AC,3,-0.4067,-0.6829,-0.1306
Lab,24/03/2026,WH,1,-0.09815,-0.1417,-0.05456
Lab,24/03/2026,WH,2,0.02692,-0.03107,0.08492
Lab,24/03/2026,WH,3,-0.09635,-0.3507,0.158
Lab,26/03/2026,AC,1,-0.4636,-0.7232,-0.204
Lab,26/03/2026,AC,2,-0.6761,-0.8838,-0.4684
Lab,26/03/2026,AC,3,-0.4127,-0.5486,-0.2769
Lab,26/03/2026,WH,1,-0.1372,-0.2244,-0.04999
Lab,26/03/2026,WH,2,-0.06754,-0.1051,-0.02998
Lab,26/03/2026,WH,3,-0.05427,-0.07977,-0.02876
Lab,31/03/2026,AC,1,-0.7529,-1.063,-0.4424
Lab,31/03/2026,AC,2,-0.7296,-1.174,-0.2852
Lab,31/03/2026,AC,3,-0.7163,-1.172,-0.2604
Lab,31/03/2026,WH,1,-0.08598,-0.1773,0.005287
Lab,31/03/2026,WH,2,-0.2157,-0.3695,-0.062
Lab,31/03/2026,WH,3,-0.1074,-0.1594,-0.05531
Lab,10/04/2026,AC,1,-1.087,-1.741,-0.4333
Lab,10/04/2026,AC,2,-0.2554,-0.6605,0.1496
Lab,10/04/2026,AC,3,-0.6556,-0.7966,-0.5145
Lab,10/04/2026,WH,1,-0.3742,-0.5533,-0.1952
Lab,10/04/2026,WH,2,-0.1823,-0.3131,-0.05141
Lab,10/04/2026,WH,3,-0.2394,-0.5933,0.1145
Lab,13/04/2026,AC,1,-1.261,-2.046,-0.4756
Lab,13/04/2026,AC,2,-0.1806,-0.2582,-0.1031
Lab,13/04/2026,AC,3,-0.6536,-0.7693,-0.5379
Lab,13/04/2026,WH,1,-0.2308,-0.3569,-0.1047
Lab,13/04/2026,WH,2,-0.3202,-0.4747,-0.1656
Lab,13/04/2026,WH,3,-0.1817,-0.269,-0.09433
Lab,15/04/2026,AC,1,-0.4468,-0.6132,-0.2804
Lab,15/04/2026,AC,2,-0.1992,-0.3582,-0.04019
Lab,15/04/2026,AC,3,-0.576,-0.8569,-0.2951
Lab,15/04/2026,WH,1,-0.4251,-0.5691,-0.2811
Lab,15/04/2026,WH,2,-0.275,-0.3948,-0.1552
Lab,15/04/2026,WH,3,-0.1488,-0.2618,-0.03582
Lab,22/04/2026,AC,1,-0.5812,-0.8172,-0.3451
Lab,22/04/2026,AC,2,-0.008724,-0.09188,0.07443
Lab,22/04/2026,AC,3,-0.4324,-0.4814,-0.3834
Lab,22/04/2026,WH,1,-0.7084,-1.232,-0.1846
Lab,22/04/2026,WH,2,-0.6252,-1.033,-0.2177
Lab,22/04/2026,WH,3,-0.4094,-0.9158,0.09697
Lab,28/04/2026,AC,1,-0.05831,-0.0838,-0.03282
Lab,28/04/2026,AC,2,-0.02864,-0.0922,0.03492
Lab,28/04/2026,AC,3,-0.357,-0.4731,-0.2409
Lab,28/04/2026,WH,1,-0.3936,-0.469,-0.3182
Lab,28/04/2026,WH,2,-0.5151,-0.8516,-0.1786
Lab,28/04/2026,WH,3,-0.2849,-0.3805,-0.1894
Lab,06/05/2026,AC,1,-0.02313,-0.08229,0.03603
Lab,06/05/2026,AC,2,0.0121,-0.02119,0.04539
Lab,06/05/2026,AC,3,-0.0304,-0.05501,-0.005791
Lab,06/05/2026,WH,1,-0.6767,-0.87,-0.4835
Lab,06/05/2026,WH,2,-0.5334,-0.6411,-0.4258
Lab,06/05/2026,WH,3,-0.5932,-0.6339,-0.5525
Lab,14/05/2026,AC,1,0.03951,0.009486,0.06954
Lab,14/05/2026,AC,2,0.02089,-0.02522,0.067
Lab,14/05/2026,AC,3,0.02245,-0.002468,0.04737
Lab,14/05/2026,WH,1,-0.3816,-0.5087,-0.2545
Lab,14/05/2026,WH,2,-0.5044,-0.9369,-0.07186
Lab,14/05/2026,WH,3,-1.13,-1.589,-0.6707
Lab,19/05/2026,AC,1,0.01131,-0.03323,0.05584
Lab,19/05/2026,AC,2,-0.01704,-0.06484,0.03075
Lab,19/05/2026,AC,3,-0.004676,-0.1559,0.1465
Lab,19/05/2026,WH,1,-0.6031,-0.9535,-0.2527
Lab,19/05/2026,WH,2,-0.541,-0.8667,-0.2154
Lab,19/05/2026,WH,3,-0.8859,-1.504,-0.2682
Lab,21/05/2026,WH,1,-0.5669,-1.039,-0.0948
Lab,21/05/2026,WH,2,-0.306,-0.5829,-0.02911
Lab,21/05/2026,WH,3,-0.8448,-1.089,-0.6008
Lab,03/06/2026,WH,1,-0.5233,-0.6262,-0.4205
Lab,03/06/2026,WH,2,-0.3444,-0.4739,-0.2149
Lab,03/06/2026,WH,3,-0.6577,-1.013,-0.3023
Lab,19/06/2026,WH,1,-0.362,-0.5701,-0.1539
Lab,19/06/2026,WH,2,0.08331,-0.02467,0.1913
Lab,19/06/2026,WH,3,-1.407,-2.564,-0.2508
